{
    "train_losses": [
        0.05731180015206337,
        0.04584903201460838,
        0.043769997125864026,
        0.04247966226935387,
        0.041493905127048494,
        0.04075259640216827,
        0.04007730685472488,
        0.03960885496139526,
        0.03977722910642624,
        0.04008656494617462,
        0.03897060360908508,
        0.03854822855591774,
        0.03849831168055534,
        0.03816469985842705,
        0.038031383657455446,
        0.03791040776371956,
        0.03781389563679695,
        0.03773136351108551,
        0.03764030610918999,
        0.037554425519704816,
        0.0374965852856636,
        0.03743063840866089,
        0.03737650275826454,
        0.03730257468223572,
        0.037283623468875884,
        0.037222548651695254,
        0.03716240720152855,
        0.03712640897631645,
        0.03709261553883553,
        0.03704566153883934,
        0.03699024857878685,
        0.03698981115818024,
        0.03700522902011871,
        0.03691022701859474,
        0.03687482606172562,
        0.036847819525003433,
        0.03680001969337463,
        0.03679577423334122,
        0.036787842917442325,
        0.03675554378628731,
        0.03673751608729362,
        0.036712637823820116,
        0.03666397170424461,
        0.03662832860350609,
        0.036626088839769366,
        0.036619951456785205,
        0.0366104471385479,
        0.036598222535848615,
        0.03654809672236443,
        0.036548964941501616
    ],
    "val_losses": [
        0.04841158363469847,
        0.04488904971131094,
        0.04291811416957789,
        0.04167077552740741,
        0.041342530660568526,
        0.04025302466693198,
        0.04033231804040587,
        0.03935360104130332,
        0.039062897063744294,
        0.039195932424182345,
        0.03865739408951656,
        0.038436646840185114,
        0.038274371462642766,
        0.038216731516988414,
        0.038408663076390126,
        0.03815589940092366,
        0.03801940720836828,
        0.03785844496006419,
        0.037648360440685494,
        0.03793579413537766,
        0.037593927139499383,
        0.03775218655918814,
        0.037639297141580826,
        0.03878099530650552,
        0.037408953496984615,
        0.03761873035958618,
        0.037427993692979694,
        0.037516784350014036,
        0.037544605814537425,
        0.03769510376984906,
        0.037538098017121574,
        0.03737775729909824,
        0.03709520295167425,
        0.037210201239509945,
        0.03714566594760889,
        0.037205605726143356,
        0.03747075188691449,
        0.037144065164266875,
        0.0370341615549698,
        0.03700269314988404,
        0.037082055381908535,
        0.037090732460948315,
        0.03720909570622596,
        0.03711013873196711,
        0.03708262584961144,
        0.03706252335268221,
        0.03710563504581998,
        0.03708334437980773,
        0.03694078162502332,
        0.03740625527159423
    ],
    "train_psnrs": [
        26.23929021451392,
        27.56949288360271,
        27.86553150089702,
        28.03935340080487,
        28.181311871396815,
        28.289582508954638,
        28.39370960446883,
        28.461175295778357,
        28.421978471197757,
        28.35923338299831,
        28.546886811982375,
        28.6289530125162,
        28.62430750286575,
        28.6999449360955,
        28.7262951504266,
        28.748524354666575,
        28.761279624836128,
        28.778334476546092,
        28.790705938447047,
        28.80490640668113,
        28.813547224199294,
        28.826752290989603,
        28.83374464323227,
        28.844855915579615,
        28.8467854096175,
        28.854485361948672,
        28.865807592658907,
        28.870680808586187,
        28.875711411682364,
        28.879915695022937,
        28.888062834229583,
        28.890419582844753,
        28.880633004801936,
        28.900972373707663,
        28.90692364477858,
        28.907666855934362,
        28.916152430829733,
        28.917494172224362,
        28.917837946445342,
        28.92248460152502,
        28.924912449614773,
        28.928430434669142,
        28.93335923944635,
        28.939002349141198,
        28.937962698513594,
        28.940216243979144,
        28.94042355096521,
        28.94185871718768,
        28.94838876606126,
        28.949411606465727
    ],
    "val_psnrs": [
        27.291070121689202,
        27.727571158970544,
        27.993567541891814,
        28.121986439960505,
        28.12848472864575,
        28.320726204856026,
        28.289860564801455,
        28.505300623394366,
        28.56195516239924,
        28.468036599235543,
        28.577327792612568,
        28.639042136753048,
        28.652920858583357,
        28.6930299924566,
        28.62058978750201,
        28.699731679668737,
        28.746164074240646,
        28.686832968645223,
        28.767584114113763,
        28.68914386400882,
        28.786685964509612,
        28.705982349076294,
        28.779430526582537,
        28.642108928637384,
        28.805936839079525,
        28.692880864759296,
        28.808762111025434,
        28.784168865864036,
        28.800400616929398,
        28.754016892188876,
        28.79490342289494,
        28.824696437860283,
        28.865189115223902,
        28.83704325815973,
        28.876325915652767,
        28.85651390762535,
        28.830952731820847,
        28.84620136332793,
        28.897597104703728,
        28.893353688262994,
        28.866302629756927,
        28.83278651590272,
        28.84485200607623,
        28.89228116057498,
        28.87224651032464,
        28.861247320001336,
        28.883788315041535,
        28.896250777447612,
        28.913755790155076,
        28.818246452595595
    ],
    "train_ssims": [
        0.9810507445335388,
        0.987766450214386,
        0.9885756930351257,
        0.9890038314819336,
        0.9893590782165528,
        0.9896163049697876,
        0.9898685336112976,
        0.9900228487968444,
        0.9899183650016785,
        0.9897547310829162,
        0.990213625240326,
        0.9903979572296142,
        0.9903840718269348,
        0.9905427459716797,
        0.9906050013542176,
        0.990652189540863,
        0.9906725355148316,
        0.9907125328063965,
        0.9907450587272644,
        0.9907730695724487,
        0.9907953768730163,
        0.9908159156799317,
        0.9908331398963928,
        0.9908524002075195,
        0.9908574582099915,
        0.99087871799469,
        0.9909043486595154,
        0.9909068299293518,
        0.9909144971847534,
        0.9909238565444947,
        0.9909455218315124,
        0.9909495543479919,
        0.990919551563263,
        0.990972044467926,
        0.9909816754341125,
        0.99098084897995,
        0.9909914994239807,
        0.9910138360977173,
        0.9910046887397767,
        0.9910145017623901,
        0.9910146916389465,
        0.9910244103431701,
        0.9910352890968323,
        0.9910430238723755,
        0.9910415038108825,
        0.9910461838722229,
        0.991048392868042,
        0.9910519996643067,
        0.9910667407035828,
        0.9910664436340332
    ],