{
    "train_losses": [
        0.13355785133838655,
        0.06964433669447899,
        0.06035983327031136,
        0.057459918975830075,
        0.055603565037250516,
        0.05347977858185768,
        0.05225032940506935,
        0.05144509754776955,
        0.050923705017566684,
        0.050386292290687563,
        0.049836956530809405,
        0.04978410111665726,
        0.04942102630138397,
        0.04902810418605805,
        0.04878358494639397,
        0.048666874372959135,
        0.048354951798915864,
        0.04809734350442886,
        0.04798107786178589,
        0.047740784776210785,
        0.047713047486543654,
        0.04749278731942177,
        0.04744137106537819,
        0.04735856423974037,
        0.047217435723543165,
        0.04710207741856575,
        0.04692077164649963,
        0.04681549592018128,
        0.04670567710399628,
        0.04664876671433449,
        0.046660190975666045,
        0.04645522770881653,
        0.0464737841129303,
        0.04636150021553039,
        0.0462254359126091,
        0.046214077883958815,
        0.0460970746576786,
        0.046128363221883774,
        0.04599182260036468,
        0.045850180637836455,
        0.04589502813220024,
        0.04571084813475609,
        0.045837953102588654,
        0.04567758694291115,
        0.045558494585752486,
        0.045575443738698956,
        0.04548123143315315,
        0.04551850337982178,
        0.04543051975369453,
        0.04542773174643516
    ],
    "val_losses": [
        0.07427457648857384,
        0.06529728394405097,
        0.0593555047396262,
        0.057026107148949505,
        0.05414888938995683,
        0.05238955702846217,
        0.05271591203417748,
        0.052090844839431674,
        0.05095162700600685,
        0.05092047755220893,
        0.04924294051186294,
        0.050226602845700685,
        0.04909857293697679,
        0.049148034019644855,
        0.04908506826135763,
        0.04819519677834146,
        0.048025139530373226,
        0.048227768011723356,
        0.04872911729535479,
        0.047829394270280365,
        0.04733526035194184,
        0.047120102841383335,
        0.047275796769910554,
        0.04865804070215316,
        0.04744298179533071,
        0.04704488958617684,
        0.04676856221571849,
        0.04709632061184592,
        0.04679954834994237,
        0.046625954425259,
        0.04704652662584736,
        0.04649461110591129,
        0.046551798962673564,
        0.04620191127441491,
        0.04633626313346207,
        0.04614014574771474,
        0.046268759591943896,
        0.04607789484178944,
        0.04600557858112511,
        0.04609125176337874,
        0.045982673645589,
        0.04642836875311888,
        0.045943578456048,
        0.04609711598723557,
        0.04590118420162019,
        0.04566356340411362,
        0.04584933777049089,
        0.04579285406477892,
        0.04603486524740602,
        0.04561931666010504
    ],
    "train_psnrs": [
        17.098225667546696,
        21.5763142635718,
        23.760126202536167,
        24.360552442633477,
        24.8094488546855,
        25.447040908229063,
        25.729797462080487,
        25.897381626532116,
        25.978224724075076,
        26.105106688258715,
        26.217045012665587,
        26.188531082906845,
        26.26017132895265,
        26.35207424758765,
        26.400088258202654,
        26.407497544243892,
        26.47572658963676,
        26.531175505434565,
        26.555641818272044,
        26.598793468256446,
        26.59193349829392,
        26.654590352892882,
        26.650600140211814,
        26.655421228484023,
        26.687779697049905,
        26.699488848393806,
        26.748086722659377,
        26.76997064231016,
        26.78977324478438,
        26.79647618606473,
        26.78585143149559,
        26.835816292911506,
        26.829546573845104,
        26.83868372715495,
        26.880726600904598,
        26.872973289706604,
        26.898907699084877,
        26.89170399469605,
        26.925864180382113,
        26.946354537620074,
        26.928228705641697,
        26.988239028238628,
        26.936816229314612,
        26.98585833126784,
        27.011177606767003,
        27.00300798776032,
        27.0191986395492,
        27.00760979585835,
        27.023526288880042,
        27.017814258102362
    ],
    "val_psnrs": [
        20.660036010328025,
        22.736510097569948,
        23.94000391202207,
        24.532952076559535,
        25.24734332905118,
        25.748089035671605,
        25.51547804541512,
        25.61931092604669,
        26.098861595807108,
        25.96919590519945,
        26.34529127904059,
        25.88691069764612,
        26.362176230338502,
        26.37452901959661,
        26.369091879172654,
        26.589970903410922,
        26.618346602328646,
        26.556163019006526,
        26.17043548147252,
        26.60121880110716,
        26.759218284427757,
        26.79034140327793,
        26.71689654295401,
        26.22638903631545,
        26.61442456516907,
        26.752069173632215,
        26.84495952332927,
        26.76591493815401,
        26.818207993305684,
        26.883571081160294,
        26.582210340927674,
        26.903893796477263,
        26.865673227370333,
        26.936307361973764,
        26.91759785154838,
        26.946478917110127,
        26.954690867086235,
        26.981574552444773,
        27.02943668483955,
        26.939951026954084,
        26.999940082324752,
        26.778504803580365,
        26.982534546698663,
        26.97077622989341,
        26.962042552732104,
        27.04486589758135,
        26.926551568969114,
        26.99738699811177,
        26.867012668274544,
        27.060035302101188
    ],
    "train_ssims": [
        0.7958999412512756,
        0.9486016380310058,
        0.9702736692428588,
        0.9743093437194824,
        0.9769963943481446,
        0.980215978050232,
        0.9815194725036621,
        0.9821881611824036,
        0.9825854591369629,
        0.9830200978279113,
        0.9834348021507263,
        0.9834551888465881,
        0.9836962874412537,
        0.9839633978843689,
        0.9841463027000428,
        0.9842273092269898,
        0.9844027559280395,
        0.9845902030944824,
        0.9846760291099549,
        0.9848099705696106,
        0.98484230966568,
        0.9849785922050476,
        0.985008535194397,
        0.9850255680084229,
        0.9851438508987427,
        0.9852000567436219,
        0.9853165720939636,
        0.9854178486824036,
        0.9854718368530273,
        0.9854875657081604,
        0.9854647736549378,
        0.9856086578369141,
        0.9856009613990784,
        0.985661217212677,
        0.9857248397827149,
        0.9857384157180786,
        0.9858121364593506,
        0.985791457080841,
        0.9858913444519043,
        0.9859413869857788,
        0.9859228540420533,
        0.9860536220550538,
        0.985949083328247,
        0.9860542874336242,
        0.9861689005851746,
        0.986122041797638,
        0.986175117969513,
        0.9861576199531555,
        0.9862104701042176,
        0.9862010526657105
    ],