{
    "train_losses": [
        0.05183214446306229,
        0.03475578674674034,
        0.03223058349192143,
        0.031310717368125913,
        0.030878846913576126,
        0.029855596905946732,
        0.02955634732544422,
        0.028800506818294526,
        0.031035417413711547,
        0.02937242736816406,
        0.028818476060032846,
        0.028259740722179412,
        0.028076659670472143,
        0.027618235474824906,
        0.028201130744814874,
        0.028177152958512305,
        0.02751795746386051,
        0.027209145617485046,
        0.02828022085726261,
        0.02716543774008751,
        0.026790916499495505,
        0.026591399464011192,
        0.026496703970432283,
        0.02770524897277355,
        0.02721940247118473,
        0.02638046305179596,
        0.02620689995288849,
        0.026050653624534608,
        0.02611564563214779,
        0.025778276976943015,
        0.025921259433031082,
        0.025837997579574584,
        0.025826273414492607,
        0.025763854652643203,
        0.025453641626238824,
        0.02540258395075798,
        0.025470428678393366,
        0.02538084760606289,
        0.025169841289520264,
        0.02529920760691166,
        0.02526560382246971,
        0.025222848209738732,
        0.025108315151929857,
        0.02516935201883316,
        0.02511940968632698,
        0.02476471684575081,
        0.024963230857253074,
        0.024969964295625688,
        0.024769603851437567,
        0.02491273978948593
    ],
    "val_losses": [
        0.036259060784889635,
        0.032538708145166656,
        0.030741434995156185,
        0.030187441142880994,
        0.03265977654440008,
        0.0286577365414542,
        0.02880277553466475,
        0.028451440416893382,
        0.029056467531118423,
        0.028741586538162202,
        0.028278399080892278,
        0.0275719109566728,
        0.027589187215847574,
        0.02751481739483821,
        0.030367931754441017,
        0.027159909889766364,
        0.02699104452114196,
        0.027056909172208446,
        0.027175189227245416,
        0.02675438502649213,
        0.02694073334858296,
        0.02652180063164538,
        0.026593870240127205,
        0.02798108641461582,
        0.026279728064776225,
        0.02602356710251729,
        0.026404175492134065,
        0.02623435610513778,
        0.026107811280022,
        0.025494618424374588,
        0.025764128679682495,
        0.025264578473985576,
        0.02565096729215543,
        0.025814714835612637,
        0.026044839067728656,
        0.02553279008597705,
        0.02569299080901465,
        0.025243169895023298,
        0.025188326966136123,
        0.02540855948475136,
        0.02511544032081677,
        0.025480048564873684,
        0.025253807722478157,
        0.02548228856769337,
        0.025451849695223912,
        0.025035627020202626,
        0.025237939077293037,
        0.025151879010591537,
        0.025277451428163584,
        0.024823434294978526
    ],
    "train_psnrs": [
        25.99767191167411,
        28.020586892155958,
        28.59008808959721,
        28.70073833268702,
        28.799276350582268,
        28.986768811917234,
        29.110955872984523,
        29.331628224769265,
        28.823318804983394,
        29.157934699971655,
        29.323026922536332,
        29.48504290937828,
        29.51455375028303,
        29.63205205506601,
        29.45857804287154,
        29.439937822948412,
        29.618072638034295,
        29.683009776692913,
        29.350818385107328,
        29.631517677745396,
        29.76360903001757,
        29.81843124732736,
        29.831215802063845,
        29.520648657793295,
        29.6247641529081,
        29.851344313897872,
        29.906113091879043,
        29.939692465124875,
        29.928683884474484,
        30.0046343061662,
        29.981738849141408,
        30.006453788649914,
        30.00586207279833,
        30.022582596561318,
        30.08841984323507,
        30.077678091606497,
        30.096432492142966,
        30.111512355253975,
        30.146119351837807,
        30.139427546039705,
        30.130254519522136,
        30.12987558513549,
        30.169022041720268,
        30.15037940527938,
        30.150862893717566,
        30.24906778912089,
        30.20134972513729,
        30.201515406180114,
        30.249320458930132,
        30.240232950004366
    ],
    "val_psnrs": [
        27.834021691874106,
        28.548659957692692,
        28.942518461949042,
        28.886115290023152,
        28.135798700803154,
        29.368462736435898,
        29.044123242959497,
        29.366172375497303,
        29.220418557954147,
        29.24084097216871,
        29.46791232639544,
        29.636696520009206,
        29.635908141829947,
        29.504264545837096,
        28.575239183187172,
        29.67029309754939,
        29.667392627110054,
        29.741395291695824,
        29.612295106399262,
        29.800025667812406,
        29.74358850827812,
        29.832373538815222,
        29.800833089102344,
        29.39840387263225,
        29.83421429173638,
        29.91598348035344,
        29.914338608209782,
        29.80209680361408,
        29.980695612414216,
        30.00303903261797,
        30.006751396298984,
        30.106327589322202,
        29.999304135730622,
        30.006794782525716,
        29.97569588632043,
        30.070592467266664,
        29.994802654925408,
        30.130972517829438,
        30.101754277022863,
        30.097833313486362,
        30.16185890004712,
        30.08851053199184,
        30.02543110030353,
        30.01519658708336,
        30.135369303349663,
        30.14776768994679,
        30.112800286669255,
        30.176815466072625,
        30.11727334970188,
        30.24825623342236
    ],
    "train_ssims": [
        0.9751439315319061,
        0.9873822616577148,
        0.9890010473251343,
        0.9892101636886597,
        0.9893255888938903,
        0.9899662837982178,
        0.9902390421867371,
        0.9907195078849792,
        0.9894045351982117,
        0.9903233434677124,
        0.9907048487663269,
        0.9910393951416016,
        0.9910906300544738,
        0.9913256081581115,
        0.9909460483551026,
        0.9909476404190063,
        0.9913032925605774,
        0.9914345788955689,
        0.9904109285354614,
        0.9913260899543762,
        0.9915917877197266,
        0.9916892806053161,
        0.9917186234474182,
        0.9909602155685425,
        0.9913089196205139,
        0.991756722164154,
        0.9918512382507324,
        0.9919201032638549,
        0.9918948113441467,
        0.992036880016327,
        0.9919944617271423,
        0.9920387941360473,
        0.9920448229789733,
        0.9920692812919617,
        0.9921933149337768,
        0.9921592727661133,
        0.9921981662750244,
        0.992234271812439,
        0.992291498374939,
        0.9922808815002442,
        0.9922553301811218,
        0.992266655254364,
        0.9923298705101014,
        0.9922910985946656,
        0.992301037311554,
        0.9924606929779053,
        0.9923852522850036,
        0.9923848291397095,
        0.9924591112136841,
        0.9924511743545532
    ],