{
    "train_losses": [
        0.0038465776052325966,
        0.00178628621250391,
        0.0015543641371652485,
        0.0014773921623826027,
        0.0013242317521944642,
        0.0015742206398397685,
        0.001583685919828713,
        0.0013248583756387234,
        0.0013153076127171517,
        0.0012189353462308645,
        0.0012370779423974455,
        0.0011689514627680182,
        0.0011526535790413617,
        0.0011183374049142003,
        0.001149387670122087,
        0.0010953218860551715,
        0.00109230016162619,
        0.0010856236246414483,
        0.0010839951937086881,
        0.0010739683590829372,
        0.0010414455134421588,
        0.001037609245814383,
        0.001107095963228494,
        0.001034673022571951,
        0.001017883185390383,
        0.0010150488447397948,
        0.001016553397383541,
        0.0010133092575706543,
        0.0010014392630197108,
        0.0009906490191817284,
        0.0009998037392273545,
        0.0010089153055101634,
        0.0009973024726845324,
        0.0009932449464686215,
        0.000980163044296205,
        0.0009715128706768155,
        0.0009746938052587211,
        0.0009729730684310198,
        0.0009669579032808543,
        0.0009759711985476315,
        0.0009675109650939703,
        0.0009680964726954699,
        0.0009575048131868243,
        0.0009972566824406385,
        0.0009703638883307576,
        0.0009484343660064042,
        0.0009511489528231323,
        0.0009539815247990191,
        0.0009470144028775394,
        0.0009489846991375089
    ],
    "val_losses": [
        0.001932174853452594,
        0.001589828478558001,
        0.04798227389621886,
        0.001311396769912332,
        0.0012416592769467147,
        0.0018578679508464353,
        0.0013630730107391052,
        0.014731270895831905,
        0.0012319978681737023,
        0.001192189114995799,
        0.0012238174943834733,
        0.0011431838987857863,
        0.0011904683044909909,
        0.0010865471065548621,
        0.0011436676392984238,
        0.0010587758719060973,
        0.0010866765088585627,
        0.0010709326686841809,
        0.0010479017969808144,
        0.0010443600725121558,
        0.0010579049021486122,
        0.0031798264548585863,
        0.0010304210872899527,
        0.001019247839817552,
        0.0010094978441751211,
        0.001112854547552456,
        0.0010471677283050529,
        0.0010050060753977507,
        0.001003311318197068,
        0.0009990904749382975,
        0.0009971031274759229,
        0.000989927278140524,
        0.0009953575067898365,
        0.0010741699922972234,
        0.0010253340717713544,
        0.0009856634016243658,
        0.0009804868541960455,
        0.0009689134372113521,
        0.0014766642066003505,
        0.0009697335546059166,
        0.0009581864378444708,
        0.0009825628919669302,
        0.0009500547408594922,
        0.0009709175881502593,
        0.0009680583003083849,
        0.000954705279003117,
        0.0009640110945803629,
        0.0009657359091790428,
        0.0009727671198920602,
        0.000965473382247339
    ],
    "train_psnrs": [
        25.178223510915316,
        27.50097735704794,
        28.12072694720066,
        28.335025641093484,
        28.798101596681036,
        28.430406662919776,
        28.03688350223861,
        28.799009309084695,
        28.837047888624756,
        29.161008908279847,
        29.10044710768141,
        29.34422938608931,
        29.403535563095257,
        29.539533186550955,
        29.419286823686736,
        29.626499972994214,
        29.641464982937713,
        29.667312812696217,
        29.674884300398947,
        29.71615140493756,
        29.8481935399692,
        29.86755158539116,
        29.586323904931266,
        29.878104933168856,
        29.945897024556448,
        29.959248770132366,
        29.954758982726077,
        29.96861511596118,
        30.019199075122124,
        30.066170701887387,
        30.025678969321458,
        29.986283158142975,
        30.034136096891896,
        30.053047323038534,
        30.110137407531695,
        30.150645512823008,
        30.13780755923061,
        30.143813135574273,
        30.1741140486121,
        30.13255254806622,
        30.172475925990025,
        30.165904862744163,
        30.211892695843055,
        30.047279900938296,
        30.157466895592417,
        30.258841115507092,
        30.242583614097843,
        30.229523114071302,
        30.264353568117386,
        30.25311283788854
    ],
    "val_psnrs": [
        27.145644236681903,
        27.997716142595376,
        13.206419263613764,
        28.837139264453025,
        29.07615572944246,
        27.31780053612853,
        28.67048241225764,
        18.397469012942462,
        29.10979269510042,
        29.25689691607192,
        29.14005260732111,
        29.442749044793306,
        29.268802634510926,
        29.659806440344983,
        29.435535346628782,
        29.780412257534234,
        29.657736212949377,
        29.727529857225733,
        29.818908472492733,
        29.83522051557372,
        29.778042397917865,
        24.985386092786147,
        29.895520103803385,
        29.948646057384874,
        29.985019464696887,
        29.558785611964243,
        29.81985188132132,
        29.99948706459351,
        30.00774704170487,
        30.03140397540879,
        30.038079249493155,
        30.068430468258637,
        30.04649788680569,
        29.71433861231534,
        29.917169504461,
        30.0889201084228,
        30.111889479425756,
        30.16268384551313,
        28.32527750896997,
        30.160787073548388,
        30.20604577159926,
        30.10150421576417,
        30.250669926262447,
        30.152700232346206,
        30.165123033394657,
        30.225500487186082,
        30.18391502301549,
        30.17829542304855,
        30.1464590346534,
        30.18089708663958
    ],
    "train_ssims": [
        0.9716555058002472,
        0.9857714502334595,
        0.9876271070480347,
        0.9882409314155579,
        0.989450874710083,
        0.9875281679153443,
        0.9874034406661988,
        0.9894496334075927,
        0.9895378520011902,
        0.9902974733352661,
        0.9901589965820312,
        0.9906982755661011,
        0.9908200493812561,
        0.9911031334877014,
        0.9908637718200684,
        0.99128832654953,
        0.9913093886375427,
        0.9913572353363037,
        0.9913737217903137,
        0.9914603327751159,
        0.9917147459030151,
        0.9917380639076233,
        0.9911986821174622,
        0.9917647799491882,
        0.9918888235092163,
        0.9919203792572021,
        0.9919064409255981,
        0.991940027141571,
        0.9920282223701476,
        0.992113726902008,
        0.9920396331787109,
        0.9919630908966064,
        0.9920616317749024,
        0.992091584777832,
        0.9921997646331787,
        0.9922595519065857,
        0.9922383068084717,
        0.9922601325035095,
        0.99230878200531,
        0.9922339971542359,
        0.9922961402893067,
        0.9922984950065613,
        0.9923756203651428,
        0.9920591340065003,
        0.992279319858551,
        0.9924467042922973,
        0.992425448513031,
        0.9924023233413696,
        0.9924545118331909,
        0.9924417021751404
    ],