{
    "train_losses": [
        0.31072756145279856,
        0.07748558359984309,
        0.052573162763286385,
        0.05532802099826513,
        0.04997739574204897,
        0.03379147774093435,
        0.06355440017557558,
        0.03326561072734185,
        0.026604301839557594,
        0.028491934124226098,
        0.02437607470862363,
        0.047897506745356803,
        0.023748035713966057,
        0.02013068907683264,
        0.028693125094938113,
        0.02637847259999144,
        0.016433599724459874,
        0.022061290600964,
        0.013632893390527897,
        0.01716639441678642,
        0.01805332253331835,
        0.03319762116618076,
        0.010502778749221557,
        0.019417184660823476,
        0.01174837173881224,
        0.004659975437255113,
        0.01721335997136539,
        0.007312221161789421,
        0.006880420310272173,
        0.020557338369742308
    ],
    "val_losses": [
        0.09568338199061857,
        0.015740646315949146,
        0.09996732909256106,
        0.10237590456140452,
        0.02766860607354516,
        0.009794708821538538,
        0.7304154956226896,
        0.02428057935488541,
        0.05461046284666748,
        0.007049437220679477,
        0.009557540467997738,
        0.0478498667116988,
        0.002493081740976632,
        0.017831463057680907,
        0.03372832469489321,
        0.005469818889464101,
        0.04979130929172776,
        0.003988493476617371,
        0.0011754774318729969,
        0.014434335522212962,
        0.0026818543307581474,
        0.000994103643138096,
        0.0025498556368357774,
        0.012990235597643946,
        0.0023869379868031834,
        0.003121446783741207,
        0.005702402468287007,
        0.003098598360879074,
        0.00023657377174782064,
        0.0034521217558157458
    ],
    "train_accuracies": [
        87.8925,
        97.88,
        98.52,
        98.295,
        98.69,
        99.1,
        98.3575,
        99.1125,
        99.29,
        99.2325,
        99.3175,
        99.0225,
        99.33,
        99.535,
        99.3175,
        99.37,
        99.535,
        99.4675,
        99.625,
        99.66,
        99.5625,
        99.415,
        99.7,
        99.535,
        99.7325,
        99.8625,
        99.5975,
        99.81,
        99.8325,
        99.56
    ],
    "val_accuracies": [
        96.97,
        99.63,
        96.68,
        97.72,
        98.95,
        99.72,
        87.28,
        99.18,
        97.81,
        99.82,
        99.57,
        98.43,
        99.95,
        99.51,
        99.34,
        99.79,
        98.92,
        99.86,
        99.98,
        99.46,
        99.94,
        99.97,
        99.9,
        99.55,
        99.93,
        99.89,
        99.76,
        99.86,
        99.99,
        99.89
    ],
    "test_loss": 0.006216513377610312,
    "test_accuracy": 99.83,
    "per_class_accuracy": {
        "gaussian": 99.57754978877489,
        "salt_pepper": 100.0,
        "uniform": 99.76525821596245,
        "poisson": 99.64306960142773,
        "jpeg": 100.0,
        "impulse": 100.0
    },
    "confusion_matrix": [
        [
            1650,
            0,
            0,
            7,
            0,
            0
        ],
        [
            0,
            1619,
            0,
            0,
            0,
            0
        ],
        [
            4,
            0,
            1700,
            0,
            0,
            0
        ],
        [
            5,
            0,
            1,
            1675,
            0,
            0
        ],
        [
            0,
            0,
            0,
            0,
            1664,
            0
        ],
        [
            0,
            0,
            0,
            0,
            0,
            1675
        ]
    ],
    "computation_time": 1651.2641294002533,
    "epochs_trained": 30,
    "model_path": "./Models\\Saved\\classifier_cifar100.pth"
}