{
    "train_losses": [
        0.03848504369854927,
        0.026699265751242637,
        0.025064312699437142,
        0.02427883876860142,
        0.024458232009410857,
        0.024552434259653092,
        0.023498979306221007,
        0.023198964485526084,
        0.02294804896116257,
        0.022787806555628776,
        0.022635129019618033,
        0.02250707682967186,
        0.022365962225198745,
        0.022229651296138762,
        0.022064596685767175,
        0.02190181840956211,
        0.02179712555706501,
        0.0216840666025877,
        0.021561288052797317,
        0.0214770291775465,
        0.021405152398347855,
        0.02131107531785965,
        0.021262336525321005,
        0.021365381628274917,
        0.021157491397857667,
        0.021080722552537918,
        0.02105487920641899,
        0.021029780000448226,
        0.020997358778119087,
        0.020952028504014016,
        0.020926512748003005,
        0.020868240967392922,
        0.020863336145877837,
        0.020829746040701865,
        0.02078188672363758,
        0.022010344779491424,
        0.021332971441745757,
        0.021314787885546683,
        0.021233633109927177,
        0.020936655470728874,
        0.020831375539302827,
        0.02077242628633976,
        0.02072276651263237,
        0.020689094826579095,
        0.020667839327454567,
        0.020654333880543708,
        0.02064315297305584,
        0.020704440766572952,
        0.020613522678613664,
        0.020598605012893678
    ],
    "val_losses": [
        0.026388630472645638,
        0.024326134212077802,
        0.02325287623817374,
        0.023094327361056,
        0.025490200574136083,
        0.022823187991217443,
        0.02227907140211315,
        0.021980900554710133,
        0.021775229946727967,
        0.021769459187320084,
        0.02167627845362873,
        0.021531375777569545,
        0.02188392842461349,
        0.021255903029043205,
        0.021242490406059154,
        0.021466814610324087,
        0.02139805842214709,
        0.02093010786090307,
        0.020800902063299896,
        0.020757744883655744,
        0.020565609975605255,
        0.020892681957335228,
        0.021305575682099457,
        0.02086449314834206,
        0.020819606852664308,
        0.020572329960336352,
        0.020799337654926215,
        0.020603545460921184,
        0.020591109386010536,
        0.02083286660824232,
        0.02043959552979773,
        0.020720540148437404,
        0.02062665007913568,
        0.020432328793463433,
        0.020461755466594057,
        0.020827061383967185,
        0.020595795694430163,
        0.021136175473309628,
        0.020665309552079552,
        0.020474820202038547,
        0.02033120928818633,
        0.02055161096345467,
        0.020246048416396614,
        0.020539146379395655,
        0.020734397824972297,
        0.020300752014681032,
        0.020240871591647717,
        0.0203678915573723,
        0.020534438692080745,
        0.020555078283331956
    ],
    "train_psnrs": [
        29.031531174582167,
        31.09428242695113,
        31.49270383985237,
        31.676093006525097,
        31.487979818401904,
        31.422255696247994,
        31.848041506089235,
        31.93816578265969,
        32.0034626969925,
        32.02677529216013,
        32.084914449637566,
        32.12432294408207,
        32.161851905561214,
        32.19190327451663,
        32.23816328609439,
        32.28024164585004,
        32.29969446895682,
        32.334892814034966,
        32.36701154888012,
        32.392688044808274,
        32.414945864242505,
        32.43948175611476,
        32.45217096146393,
        32.40139502153663,
        32.478159893002946,
        32.49846475281717,
        32.50490100814248,
        32.51501549136842,
        32.52431148366636,
        32.5333917747428,
        32.542742926211716,
        32.55406410306178,
        32.55627320812769,
        32.56695689743866,
        32.580361064762876,
        31.69608080582319,
        32.01861839064467,
        32.147578917724054,
        32.39625086460104,
        32.50948106014956,
        32.548928040748365,
        32.56716839667846,
        32.58515822256048,
        32.596309231973834,
        32.60565382459862,
        32.60971289715074,
        32.615410662524255,
        32.59400620288462,
        32.61856809895998,
        32.62747919718251
    ],
    "val_psnrs": [
        31.20328937110066,
        31.660524659137284,
        31.924506713591185,
        31.96600429435676,
        31.094583768492157,
        31.946698657171822,
        32.13349145797273,
        32.251326410567415,
        32.3013048944548,
        32.30978387001817,
        32.34204471310193,
        32.36547800002591,
        32.29260752662327,
        32.4432024255682,
        32.44923161678053,
        32.418229337967794,
        32.41445272647817,
        32.54648084649624,
        32.581225319489846,
        32.608567280961715,
        32.62893142587561,
        32.55718717869487,
        32.52630138194277,
        32.60051905039553,
        32.6094755970374,
        32.67388305624744,
        32.62137910180296,
        32.66429738792399,
        32.66824956496951,
        32.6358882290866,
        32.71214479024323,
        32.664521846443314,
        32.64969179595271,
        32.7157818728848,
        32.71096652184944,
        31.916541445432546,
        32.15879686011041,
        32.4185073427997,
        32.638514532799796,
        32.682990588187614,
        32.72834514180774,
        32.65631300321459,
        32.760078786405366,
        32.709974794457054,
        32.680756147466646,
        32.74177406498807,
        32.762623767959525,
        32.72787214962231,
        32.71716004755825,
        32.72552615747518
    ],
    "train_ssims": [
        0.9885788111686706,
        0.9945721134185791,
        0.995038444519043,
        0.9952444729804992,
        0.9949327511787415,
        0.9949425382614135,
        0.9954247838020325,
        0.9955218103408814,
        0.9955856492042542,
        0.9956097798347473,
        0.9956654166221619,
        0.9957064002990723,
        0.9957430339813232,
        0.9957695595741272,
        0.9958180626869202,
        0.9958549243927002,
        0.9958721726417542,
        0.9959061924934387,
        0.9959368680000306,
        0.9959572911262512,
        0.9959841857910157,
        0.9960039252281189,
        0.9960151202201843,
        0.9959654356002807,
        0.9960418766021728,
        0.9960554007530212,
        0.9960637438774109,
        0.9960715339660644,
        0.99607746925354,
        0.9960903573989868,
        0.9960982343673707,
        0.9961080320358277,
        0.9961059385299683,
        0.9961182333946228,
        0.9961260329246521,
        0.9950472988128662,
        0.9956018705368042,
        0.9957111474990845,
        0.9959662376403808,
        0.9960669744491577,
        0.9961071409225464,
        0.9961220905303955,
        0.9961356637001038,
        0.9961488299369812,
        0.9961536705970764,
        0.9961574850082398,
        0.9961613715171814,
        0.9961398529052734,
        0.996164350605011,
        0.9961715805053711
    ],