{
    "train_losses": [
        0.29397942946143446,
        0.07170690649272873,
        0.048292754016863185,
        0.05857661059722304,
        0.03753772500054911,
        0.022283304189832414,
        0.03140268124110007,
        0.02943931401281443,
        0.032353705187208835,
        0.02228177983597052,
        0.016503137953755687,
        0.024777301595272,
        0.04034222594088569,
        0.025152821385545577,
        0.03139482906005433,
        0.02943944450933632,
        0.012096557561225836,
        0.007712848659241868,
        0.011833032290440996,
        0.01814614864287269,
        0.022953883255004075,
        0.013736242623976795,
        0.00858348535244512,
        0.017211756828529427,
        0.011498228953200124,
        0.009446547113992784,
        0.011437047147245891,
        0.00972386802656799,
        0.01785028692340402,
        0.006953860503965734
    ],
    "val_losses": [
        0.020708145935864744,
        0.17887939683570983,
        0.03383557235904203,
        0.07218175909220935,
        0.02694280257040359,
        0.005329888270213936,
        0.00908883834259761,
        0.021185832628715193,
        0.0036209122246361495,
        0.007239252229668243,
        0.05164653313187526,
        0.020919780549838892,
        0.005488740222381529,
        0.0023832044325120664,
        0.014294689428584351,
        0.004820310143755868,
        0.0057949509666457965,
        0.007904698809078025,
        0.003602852351493393,
        0.008264763867300991,
        0.11815638670246977,
        0.0022609417727303548,
        0.007999102035886692,
        0.0032172308347150325,
        0.0019516855867345957,
        0.09736189746244509,
        0.0021312149549888265,
        0.0002569596031996293,
        0.002538038183000976,
        0.0029092149558487593
    ],
    "train_accuracies": [
        88.82,
        98.1725,
        98.6375,
        98.625,
        99.1,
        99.4125,
        99.1775,
        99.2775,
        99.305,
        99.4025,
        99.575,
        99.3925,
        99.3075,
        99.4675,
        99.4,
        99.43,
        99.745,
        99.8175,
        99.6975,
        99.6125,
        99.5075,
        99.665,
        99.77,
        99.655,
        99.74,
        99.7675,
        99.7575,
        99.75,
        99.5075,
        99.84
    ],
    "val_accuracies": [
        99.37,
        92.59,
        99.21,
        97.4,
        99.14,
        99.88,
        99.69,
        99.2,
        99.88,
        99.73,
        98.41,
        99.3,
        99.78,
        99.94,
        99.52,
        99.82,
        99.88,
        99.7,
        99.9,
        99.74,
        95.73,
        99.9,
        99.79,
        99.88,
        99.92,
        97.94,
        99.95,
        100.0,
        99.92,
        99.92
    ],
    "test_loss": 0.0014295545319675256,
    "test_accuracy": 99.96,
    "per_class_accuracy": {
        "gaussian": 99.87797437461867,
        "salt_pepper": 100.0,
        "uniform": 100.0,
        "poisson": 99.94054696789536,
        "jpeg": 100.0,
        "impulse": 99.94158878504673
    },
    "confusion_matrix": [
        [
            1637,
            0,
            0,
            2,
            0,
            0
        ],
        [
            0,
            1655,
            0,
            0,
            0,
            0
        ],
        [
            0,
            0,
            1599,
            0,
            0,
            0
        ],
        [
            1,
            0,
            0,
            1681,
            0,
            0
        ],
        [
            0,
            0,
            0,
            0,
            1713,
            0
        ],
        [
            0,
            1,
            0,
            0,
            0,
            1711
        ]
    ],
    "computation_time": 1659.780262708664,
    "epochs_trained": 30,
    "model_path": "./Models\\Saved\\classifier_cifar10.pth"
}