{
    "dataset": "cifar10",
    "routing_accuracy": 99.95,
    "avg_psnr": 33.112639978262855,
    "avg_ssim": 0.9874632135033607,
    "per_noise_metrics": {
        "gaussian": {
            "loss": 0.03522598300339831,
            "psnr": 29.179628590806967,
            "ssim": 0.9823629637559255,
            "count": 1680
        },
        "salt_pepper": {
            "loss": 0.004935467460457257,
            "psnr": 40.76456595305781,
            "ssim": 0.9985555383580677,
            "count": 1690
        },
        "uniform": {
            "loss": 0.019831706308268263,
            "psnr": 32.90857765775708,
            "ssim": 0.9924549983950975,
            "count": 1677
        },
        "poisson": {
            "loss": 0.043779139702035265,
            "psnr": 27.215942526843527,
            "ssim": 0.9744201835981161,
            "count": 1695
        },
        "jpeg": {
            "loss": 0.03867556989118094,
            "psnr": 28.009520979002218,
            "ssim": 0.9788453393455835,
            "count": 1642
        },
        "impulse": {
            "loss": 0.004076520290867181,
            "psnr": 40.78104364283767,
            "ssim": 0.9984221567980723,
            "count": 1616
        }
    },
    "total_images": 10000
}