{
    "train_losses": [
        0.10736454343795776,
        0.0626598737537861,
        0.05732579305768013,
        0.054086711525917056,
        0.052916836053133014,
        0.052178279250860216,
        0.050342173397541046,
        0.050065486431121825,
        0.04928884699940681,
        0.0485863901078701,
        0.04789345210790634,
        0.0481745837032795,
        0.04713558834791184,
        0.046802633851766584,
        0.04616251477599144,
        0.04571217116713524,
        0.04592375427484512,
        0.04503285911679268,
        0.0451926072537899,
        0.04494630315899849,
        0.044673042863607404,
        0.04453751143813133,
        0.04357641050219536,
        0.044056284487247466,
        0.043439538836479184,
        0.04313302731513977,
        0.04266835674643517,
        0.042575166910886766,
        0.04284892469644547,
        0.042158018648624423,
        0.04195969423651695,
        0.041688956558704374,
        0.04180167761445046,
        0.041549311131238935,
        0.04132383266091347,
        0.04108153834939003,
        0.04093769380450249,
        0.040738511234521865,
        0.04073499897122383,
        0.040673477172851566,
        0.04025640317797661,
        0.04020997217297554,
        0.04024956271052361,
        0.04004832538962364,
        0.03989486387372017,
        0.03979326549172402,
        0.039693763226270676,
        0.039802947223186495,
        0.04022041410207748,
        0.03965708932280541
    ],
    "val_losses": [
        0.06711416901089251,
        0.05963045614771545,
        0.0532616056734696,
        0.05268092267215252,
        0.050991402473300695,
        0.050030948128551245,
        0.04815499659162015,
        0.05030566651839763,
        0.048090371186845005,
        0.048962200875394046,
        0.04916557716205716,
        0.04635167587548494,
        0.046732333954423666,
        0.04794178646989167,
        0.04466885467991233,
        0.045183022622950375,
        0.05318340158555657,
        0.04410172812640667,
        0.043833565432578325,
        0.04462908848654479,
        0.044665241497568786,
        0.04332304862327874,
        0.04276636987924576,
        0.04351103794761002,
        0.0428159924922511,
        0.04390711663290858,
        0.04231401835568249,
        0.041926983394660056,
        0.0426435322733596,
        0.04184131638612598,
        0.041326163336634636,
        0.041394506581127644,
        0.04121820942964405,
        0.040960862650536,
        0.041202326538041234,
        0.04081477038562298,
        0.040543233626522124,
        0.04161774879321456,
        0.0402002080809325,
        0.04001069976948202,
        0.03985091869253665,
        0.03983487642835826,
        0.04024576197843999,
        0.040380291058681905,
        0.03950982086826116,
        0.039616263937205076,
        0.03930530545767397,
        0.039607017184607685,
        0.03960548248142004,
        0.039342349977232516
    ],
    "train_psnrs": [
        22.641428161087767,
        26.444304932783815,
        27.074847852417875,
        27.519435458620563,
        27.645104036847385,
        27.762431056495657,
        27.912362838991214,
        27.97128122254355,
        28.040968072700274,
        28.107316093286325,
        28.175926541763012,
        28.19250168981162,
        28.29832785136941,
        28.339708174050408,
        28.413825239088847,
        28.469386170879392,
        28.466881329811514,
        28.546961280786544,
        28.56547983837847,
        28.57372759373181,
        28.595963680127756,
        28.63757570441669,
        28.72093714582203,
        28.667929007092138,
        28.746803181107524,
        28.78422302800252,
        28.82848050704667,
        28.84585215434708,
        28.838648351549843,
        28.888450289842158,
        28.91994805002485,
        28.954258337618306,
        28.9490916824185,
        28.982631057802468,
        29.00415782003764,
        29.04161436235811,
        29.06358841230096,
        29.08748022278461,
        29.090508793115657,
        29.116949224182626,
        29.15035664562929,
        29.164068915038943,
        29.162055271655728,
        29.186954515875147,
        29.20115042221227,
        29.22210430747801,
        29.23329413624667,
        29.22557273647831,
        29.1428826072545,
        29.25131940020819
    ],
    "val_psnrs": [
        26.591798831905788,
        25.88059904606024,
        27.544107942927003,
        27.53800459410281,
        27.72724042755555,
        27.886514294982543,
        28.026173138338788,
        28.025309495985596,
        28.102051066165377,
        28.008367476883798,
        28.153633216143113,
        28.227684516875605,
        28.27726465402474,
        28.246793047707868,
        28.49599817623049,
        28.396565315126708,
        27.038280866018138,
        28.601294120431138,
        28.539382283778128,
        28.55617946968396,
        28.32927541802247,
        28.68743993795335,
        28.757542167981295,
        28.666825536101776,
        28.813949389111503,
        28.396740293962267,
        28.80349024391872,
        28.827286521487533,
        28.770662230529865,
        28.88834065270025,
        28.951717898804414,
        28.90438292060333,
        28.982933918503576,
        28.971797639597746,
        28.95770091815185,
        28.918057722302024,
        29.06930704299376,
        29.030305877950358,
        29.07735874458145,
        29.16247311885837,
        29.18138434661967,
        29.18881866832935,
        29.137593530744297,
        29.106561853712563,
        29.201980821748773,
        29.241975467605204,
        29.209039906317123,
        29.193187568947828,
        29.229880077692545,
        29.28040047715325
    ],
    "train_ssims": [
        0.9525600578784943,
        0.9836553673744202,
        0.9857594447135926,
        0.9871283922195434,
        0.9874730367660522,
        0.9877512583732605,
        0.9882027506828308,
        0.988320502281189,
        0.9885310335159302,
        0.988695830821991,
        0.9888664989471435,
        0.9889011011123657,
        0.9892135729789734,
        0.9892765421867371,
        0.9894724779129028,
        0.9896036868095398,
        0.9896131038665772,
        0.9898103852272033,
        0.9898254961967469,
        0.9898509058952332,
        0.9899212999343872,
        0.9899934849739075,
        0.9901902770996094,
        0.9900574464797973,
        0.9902526631355285,
        0.9903269481658935,
        0.9903798227310181,
        0.9904523053169251,
        0.9904235534667969,
        0.9905105695724488,
        0.990627402305603,
        0.9907084150314331,
        0.9906751956939698,
        0.9907600116729737,
        0.99081281042099,
        0.9908985242843628,
        0.9909345245361328,
        0.9909694595336914,
        0.9909775557518006,
        0.9910480451583862,
        0.9911034812927246,
        0.9911340589523315,
        0.9911133217811584,
        0.9911776218414307,
        0.9912052574157715,
        0.9912467794418335,
        0.9912812905311584,
        0.991260009765625,
        0.9910727019309997,
        0.9912895274162292
    ],