{
    "train_losses": [
        0.013034120531131824,
        0.007546959872667988,
        0.00676262005418539,
        0.006346216299260656,
        0.0060769897904247045,
        0.0059134445122132695,
        0.005746880828713378,
        0.005620894644409418,
        0.005489102069909374,
        0.0054041284583508965,
        0.005350969951599836,
        0.005271904384096464,
        0.005158208827798565,
        0.005120128914713859,
        0.005059427269424001,
        0.005009659569710493,
        0.004962803864541153,
        0.004928636165025334,
        0.004903683045879006,
        0.00486889312385271,
        0.004837760144844651,
        0.004776882685100039,
        0.004768444519179562,
        0.0047126467786729334,
        0.004714078093258043,
        0.004695130789342026,
        0.0046595532943805055,
        0.004650866287760436,
        0.00462983436572055,
        0.004581206701385478,
        0.004578004241610567,
        0.004568428910647829,
        0.004535409480643769,
        0.004499267766873042,
        0.004516530028544366,
        0.004509561465432246,
        0.004474400774265329,
        0.0044495990754415595,
        0.004451202471430103,
        0.0044199468077470855,
        0.004416032220547398,
        0.004406247347282867,
        0.004377634142525494,
        0.0043885489699120326,
        0.004373891547322273,
        0.004381423105796178,
        0.004361311336358388,
        0.004323069075122476,
        0.004314129984937608,
        0.004307367347180843
    ],
    "val_losses": [
        0.00825507742689645,
        0.006939018905618565,
        0.006565184694060937,
        0.006165441999984707,
        0.006012525176629424,
        0.006080345889711951,
        0.0057455712329952955,
        0.005572785261741027,
        0.005403566942054858,
        0.005565540751125267,
        0.005242464135083905,
        0.005222532848649202,
        0.0052428611757313,
        0.005105329974693187,
        0.005126694415477996,
        0.005015472992957431,
        0.004959593103465406,
        0.004909562945187567,
        0.00497742013094273,
        0.004890338064448789,
        0.004891552055809409,
        0.004767313824986365,
        0.0048464022928531815,
        0.004813924194016355,
        0.0047445632368722495,
        0.00479841642478045,
        0.004718497853745964,
        0.0047664617539997746,
        0.004738385677634877,
        0.00474928255178074,
        0.0046636946920424385,
        0.0046359362907985105,
        0.004675405938425993,
        0.0046322009801131455,
        0.004563615065404868,
        0.004600740706627356,
        0.004607076558502431,
        0.004598512751436693,
        0.00456258406530709,
        0.004552920332842289,
        0.004522134452077382,
        0.004515701309193243,
        0.004507331062415416,
        0.0045507191544141064,
        0.004467923299439172,
        0.004406415970074607,
        0.004546785938920096,
        0.004485543370197349,
        0.004516799186178027,
        0.004473181198687947
    ],
    "train_psnrs": [
        27.78187955976472,
        29.50358824834946,
        29.96788610440052,
        30.27781228671693,
        30.474304154899368,
        30.590822491523422,
        30.73093587067925,
        30.82683241325896,
        30.940321309981687,
        31.01523553619021,
        31.062802907674385,
        31.134492102873832,
        31.234774592494485,
        31.26491778560842,
        31.329287244723567,
        31.38581213861239,
        31.416237273961716,
        31.47359956597755,
        31.493360685580182,
        31.527033388867643,
        31.563927455031433,
        31.629614961363888,
        31.63300720985572,
        31.680234372142383,
        31.687321788854465,
        31.71467056339119,
        31.74008798758522,
        31.759189412698557,
        31.776385363349384,
        31.82176622302981,
        31.84260496197948,
        31.850152491481474,
        31.886561450877135,
        31.928193785304433,
        31.912263173392493,
        31.915314202440477,
        31.960040746817352,
        31.978465945341107,
        31.988288467783946,
        32.02560558068309,
        32.03466027823164,
        32.040676770017654,
        32.070205867960446,
        32.05337519483659,
        32.0770377117336,
        32.065379600894616,
        32.094648079298445,
        32.136740757068885,
        32.14169781718179,
        32.1578986203111
    ],
    "val_psnrs": [
        29.20686533536309,
        29.845995819497478,
        30.14652992745504,
        30.407062257776236,
        30.463665702611618,
        30.40512201581675,
        30.742149682262163,
        30.786928359819846,
        31.05497688476905,
        30.759001602854983,
        31.11730861947083,
        31.083742005379527,
        31.181675160649757,
        31.270726628406745,
        31.21418948428674,
        31.371502815996283,
        31.387839624849278,
        31.530789600684745,
        31.344896478708957,
        31.553389587072218,
        31.560734956700834,
        31.616721727391464,
        31.55702023573861,
        31.57801222609849,
        31.638848157449818,
        31.560136541783297,
        31.670274225889763,
        31.721268282476288,
        31.702722356365886,
        31.65439353997817,
        31.714128552096515,
        31.753282142622783,
        31.774145758336342,
        31.779185450820346,
        31.89166354943796,
        31.779794342222115,
        31.858686741767634,
        31.816774796321397,
        31.860109174339705,
        31.805362695950826,
        31.92261610186026,
        31.873720758774212,
        31.908148348356132,
        31.85933061872893,
        31.95621515006075,
        32.04496124312903,
        31.880408543667595,
        31.95968442836782,
        31.89693005394287,
        31.962357398256334
    ],
    "train_ssims": [
        0.989224786957105,
        0.9940505402088166,
        0.9946523395379384,
        0.9950227518081665,
        0.9952432753245036,
        0.995370479742686,
        0.9955168670018514,
        0.9956152377128601,
        0.9957272136211395,
        0.9958023468653361,
        0.9958466667334239,
        0.9959137204488119,
        0.9960074753761291,
        0.9960347497463227,
        0.9960928780237833,
        0.99614537636439,
        0.9961715801556905,
        0.9962215406894683,
        0.9962383284568787,
        0.996266857624054,
        0.9962965908845266,
        0.9963534859021504,
        0.9963567465146382,
        0.9963975251515707,
        0.9964018940925599,
        0.996425615310669,
        0.9964448091983795,
        0.9964600896835327,
        0.9964747316837311,
        0.9965127688248953,
        0.9965279593467712,
        0.9965340298811595,
        0.996562843799591,
        0.996595911582311,
        0.9965819261074066,
        0.9965850693384807,
        0.9966208616097768,
        0.9966345314979553,
        0.9966420867443084,
        0.9966705170472463,
        0.9966789185206095,
        0.9966818646589914,
        0.9967048355738322,
        0.9966917409102122,
        0.9967104264895121,
        0.9967016479969024,
        0.9967221197287242,
        0.996755420366923,
        0.9967586145401001,
        0.9967705775896708
    ],