{
    "dataset": "cifar10",
    "routing_accuracy": 99.95,
    "avg_psnr": 33.702076444516614,
    "avg_ssim": 0.9874428292632103,
    "per_noise_metrics": {
        "gaussian": {
            "loss": 0.03544574006478753,
            "psnr": 29.16149399553162,
            "ssim": 0.9820884290466813,
            "count": 1591
        },
        "salt_pepper": {
            "loss": 0.004974772163199742,
            "psnr": 40.65933493377627,
            "ssim": 0.9985401284800792,
            "count": 1685
        },
        "uniform": {
            "loss": 0.019606881492891783,
            "psnr": 32.9582586848978,
            "ssim": 0.9926273514809634,
            "count": 1707
        },
        "poisson": {
            "loss": 0.04392954525933162,
            "psnr": 27.212915442991186,
            "ssim": 0.9739809378911302,
            "count": 1696
        },
        "jpeg": {
            "loss": 0.038987267481415275,
            "psnr": 27.956612817390692,
            "ssim": 0.9783426183778471,
            "count": 1677
        },
        "impulse": {
            "loss": 0.002228008535354389,
            "psnr": 44.29303909590364,
            "ssim": 0.9990379287523655,
            "count": 1644
        }
    },
    "total_images": 10000
}