{
    "dataset": "cifar10",
    "routing_accuracy": 99.96,
    "avg_psnr": 31.45756546884308,
    "avg_ssim": 0.9403494902649429,
    "per_noise_metrics": {
        "gaussian": {
            "psnr": 29.12502980414107,
            "ssim": 0.9822163248133516,
            "count": 1670
        },
        "salt_pepper": {
            "psnr": 40.67535127204993,
            "ssim": 0.9985234462412218,
            "count": 1604
        },
        "uniform": {
            "psnr": 32.98348970465779,
            "ssim": 0.9925500456760786,
            "count": 1686
        },
        "poisson": {
            "psnr": 15.116146543830885,
            "ssim": 0.7061825619729291,
            "count": 1752
        },
        "jpeg": {
            "psnr": 28.007253341329175,
            "ssim": 0.9786065922739419,
            "count": 1661
        },
        "impulse": {
            "psnr": 44.30233023254686,
            "ssim": 0.9990321186765543,
            "count": 1627
        }
    },
    "total_images": 10000
}