{
    "train_losses": [
        0.26633042430877685,
        0.23632607638835906,
        0.22859334897994996,
        0.22257869827747345,
        0.21914006471633912,
        0.21637024450302125,
        0.2154123522043228,
        0.21428054475784303,
        0.21371636486053466,
        0.21152796173095703,
        0.2130688943862915,
        0.2105206642150879,
        0.2105583678483963,
        0.20930924916267396,
        0.20879798233509064,
        0.2085489181280136,
        0.20785510396957396,
        0.20670259404182434,
        0.206417942404747,
        0.20576150798797607,
        0.20636006200313567,
        0.2031279035806656,
        0.17028187876939774,
        0.0767718609571457,
        0.07555742835998536,
        0.07482303595542908,
        0.07278392565250397,
        0.07059936529397964,
        0.07116532227396966,
        0.06903876221179962,
        0.06834505912661552,
        0.06949368706345559,
        0.06776132893562317,
        0.06758818146586418,
        0.06656321477890015,
        0.0675922446846962,
        0.06767502817511559,
        0.06617083111405372,
        0.06589537957310676,
        0.06717989709973335,
        0.06560513323545455,
        0.06466047641634941,
        0.06422889858484268,
        0.06519026276469231,
        0.06533436191082001,
        0.06531749534606933,
        0.06447223588824272,
        0.06273182132840156,
        0.0628072292804718,
        0.06368961390852929
    ],
    "val_losses": [
        0.24331311276182532,
        0.24215467227622867,
        0.22244115406647325,
        0.22216430120170116,
        0.21716231107711792,
        0.21280780946835876,
        0.2164469542913139,
        0.2114056390710175,
        0.21002857433632016,
        0.21344823576509953,
        0.21339785493910313,
        0.21033226884901524,
        0.20904207229614258,
        0.20829733181744814,
        0.20607335167005658,
        0.20864785183221102,
        0.20880029490217566,
        0.206825016066432,
        0.20591632928699255,
        0.21238838462159038,
        0.20462457556277514,
        0.1858116048388183,
        0.0897274671588093,
        0.07829736405983567,
        0.0758043599780649,
        0.07339949696324766,
        0.06913823657669127,
        0.07287132507190108,
        0.06668706983327866,
        0.07566712563857436,
        0.07365061854943633,
        0.06808870052918792,
        0.06969555257819593,
        0.06539200409315526,
        0.07297141221351922,
        0.0670282015344128,
        0.06640813162084669,
        0.06536176265217364,
        0.06598987884353846,
        0.06376430881209671,
        0.06524868519045413,
        0.06726149818859994,
        0.06449350714683533,
        0.06432838586624712,
        0.06412833847571164,
        0.06377933861222118,
        0.06366564286872745,
        0.060982261202298105,
        0.0627238048473373,
        0.06391935725696385
    ],
    "train_psnrs": [
        9.640965110887105,
        10.099980718409336,
        10.207743387154325,
        10.284067004621614,
        10.321209988850756,
        10.354164462466814,
        10.366592100525637,
        10.372313746336904,
        10.381616555829357,
        10.414885716762113,
        10.392860290341932,
        10.414940468747425,
        10.421796101268903,
        10.432574796622383,
        10.435534095376648,
        10.44026087395826,
        10.450770746494998,
        10.461720000235994,
        10.46449326956851,
        10.468604746285365,
        10.456865395138783,
        10.537246474766041,
        12.121124771008631,
        21.90474945943422,
        22.024797516744165,
        22.21646213716195,
        22.449731349124253,
        22.822240227899886,
        22.775847919859046,
        23.12170150186844,
        23.282894094422595,
        23.12841954773738,
        23.37304498056465,
        23.449521236187767,
        23.574094039609207,
        23.3801085626365,
        23.39765647900261,
        23.67924472468712,
        23.65801951911427,
        23.399729602785957,
        23.681990352527293,
        24.013108288022472,
        23.94627326456658,
        23.86257478783232,
        23.94863310381216,
        23.888382118065692,
        24.090327404845446,
        24.357892076489954,
        24.39267045453318,
        24.200708824543543
    ],
    "val_psnrs": [
        9.957074596199066,
        9.990625436533755,
        10.272300303570638,
        10.260262251603828,
        10.309337905811311,
        10.361921009134303,
        10.305518382666822,
        10.380572196660177,
        10.388572461314224,
        10.358711659636166,
        10.346820357551378,
        10.375777478573152,
        10.400636148780924,
        10.402545834106363,
        10.427826474005567,
        10.406705311134896,
        10.393766752670047,
        10.432934842354035,
        10.437410488654214,
        10.342555378047015,
        10.443732130205358,
        10.8527875326223,
        20.487520264125152,
        21.190983904747178,
        21.704278992798777,
        22.43147428976855,
        22.86726990865225,
        22.614375971693736,
        23.50691988674076,
        21.70985835053369,
        22.75432319757956,
        23.470422831316267,
        22.896331922884862,
        23.968738768640076,
        21.97585548013283,
        23.526359206918638,
        23.658541023764204,
        23.84779000049741,
        23.703140753827014,
        24.01334844669136,
        23.864254465840524,
        23.41529353534068,
        23.890090242568174,
        24.134741572437587,
        24.173423984128043,
        24.367563032297618,
        24.227649385419955,
        24.64874473761748,
        24.367105173235807,
        24.164872330696145
    ],
    "train_ssims": [
        0.4095559985850123,
        0.46465744090080263,
        0.4779213018417358,
        0.4877305450439453,
        0.49077327466011045,
        0.4947789776325226,
        0.4978534586429596,
        0.4976866884231567,
        0.49935846543312074,
        0.5034030578136444,
        0.4994550793170929,
        0.504093471288681,
        0.50507461810112,
        0.5052308704853058,
        0.5060672390460969,
        0.5072532920837403,
        0.5088537209033966,
        0.5104130399227143,
        0.5117413647174835,
        0.5119781861305237,
        0.5097725911140442,
        0.5126891131401062,
        0.5944679164886475,
        0.9522722759246827,
        0.9547476410865784,
        0.9561605224609375,
        0.9590700187683106,
        0.9624158859252929,
        0.9613283429145812,
        0.9646499080657959,
        0.9657010974884033,
        0.9643125429153442,
        0.9667024102210998,
        0.9671759357452393,
        0.968060836315155,
        0.966932104587555,
        0.9668070759773254,
        0.9688565921783447,
        0.9692659301757812,
        0.967372543811798,
        0.9691169676780701,
        0.9709915852546692,
        0.9706970152854919,
        0.9702882781028748,
        0.9708689107894898,
        0.9705908589363098,
        0.9717615337371827,
        0.973355746269226,
        0.9737627234458923,
        0.9726692595481873
    ],