{
    "train_losses": [
        0.7588104985952377,
        0.33754653369635346,
        0.26845283033698797,
        0.24555765492469073,
        0.16027704119309782,
        0.18807644288241862,
        0.11538803442567587,
        0.0719993253259454,
        0.10750038368767127,
        0.09005788585077971,
        0.11819537186808884,
        0.06158292734390124,
        0.047342117538442835,
        0.15555416255525778,
        0.10600130406359676,
        0.14316805072245187,
        0.10748617871571332,
        0.19021454094164073
    ],
    "val_losses": [
        2.571742504835129,
        0.30348361749202013,
        0.05661430844338611,
        0.5085615422576666,
        0.011592406939598732,
        0.027554914195206948,
        0.06507272985618329,
        0.0076474934462567035,
        0.22552721569081768,
        0.012319086064849216,
        0.1536193063511746,
        0.018141885838304006,
        0.021389646789884864,
        0.02550176179192931,
        0.05093662618310191,
        0.02371870670140197,
        0.10858632990857586,
        0.009681312381871976
    ],
    "train_accuracies": [
        69.025,
        88.925,
        92.225,
        92.95,
        95.2,
        95.65,
        96.675,
        98.3,
        97.45,
        98.0,
        96.775,
        98.425,
        98.725,
        97.225,
        97.625,
        97.65,
        97.575,
        95.8
    ],
    "val_accuracies": [
        50.1,
        90.9,
        99.3,
        80.5,
        99.5,
        99.2,
        98.2,
        99.8,
        93.1,
        99.7,
        96.3,
        99.4,
        99.7,
        99.3,
        98.7,
        99.6,
        96.3,
        99.6
    ],
    "test_loss": 0.009804634831642034,
    "test_accuracy": 99.75,
    "per_class_accuracy": {
        "gaussian": 99.70781592403215,
        "salt_pepper": 100.0,
        "uniform": 100.0,
        "poisson": 98.81831610044313,
        "jpeg": 100.0,
        "impulse": 100.0
    },
    "confusion_matrix": [
        [
            1365,
            0,
            3,
            1,
            0,
            0
        ],
        [
            0,
            1340,
            0,
            0,
            0,
            0
        ],
        [
            0,
            0,
            1285,
            0,
            0,
            0
        ],
        [
            13,
            0,
            3,
            1338,
            0,
            0
        ],
        [
            0,
            0,
            0,
            0,
            1312,
            0
        ],
        [
            0,
            0,
            0,
            0,
            0,
            1340
        ]
    ],
    "computation_time": 849.9519152641296,
    "epochs_trained": 18,
    "model_path": "./Models\\Saved\\classifier_stl10.pth"
}