{
    "dataset": "stl10",
    "routing_accuracy": 99.6625,
    "avg_psnr": 31.048387680642804,
    "avg_ssim": 0.9857562201991678,
    "per_noise_metrics": {
        "gaussian": {
            "loss": 0.03997445017269091,
            "psnr": 29.53589480176202,
            "ssim": 0.9859186848034335,
            "count": 1339
        },
        "salt_pepper": {
            "loss": 0.009066070237388198,
            "psnr": 35.3571418349675,
            "ssim": 0.997354459331166,
            "count": 1354
        },
        "uniform": {
            "loss": 0.023982945439481252,
            "psnr": 32.84425697127561,
            "ssim": 0.993692935094819,
            "count": 1332
        },
        "poisson": {
            "loss": 0.064370355229151,
            "psnr": 24.628873409336197,
            "ssim": 0.9598766111828643,
            "count": 1338
        },
        "jpeg": {
            "loss": 0.044788952124215665,
            "psnr": 27.945685054321178,
            "ssim": 0.9806166863855952,
            "count": 1323
        },
        "impulse": {
            "loss": 0.00996662803522993,
            "psnr": 35.98998784378912,
            "ssim": 0.9971209538128096,
            "count": 1314
        }
    },
    "total_images": 8000
}