{
    "train_losses": [
        0.06441343204975128,
        0.052151917666196826,
        0.04935575504302978,
        0.04850777263045311,
        0.04822373014092445,
        0.04732336171269417,
        0.046153302454948426,
        0.04594795506000519,
        0.045326890301704406,
        0.04542687605023384,
        0.0445635111451149,
        0.044479437029361725,
        0.0438973646402359,
        0.043690211510658265,
        0.04347061206102371,
        0.042927300208806994,
        0.042798219245672224,
        0.04280930346250534,
        0.042368167728185656,
        0.0422809736430645,
        0.041992407524585725,
        0.041999108934402465,
        0.04186319609880448,
        0.04162068405151367,
        0.04137358566522598,
        0.04129644997119904,
        0.04116136875152588,
        0.04226200789809227,
        0.041425259798765185,
        0.040839679938554765,
        0.04060252321958542,
        0.04049268580675125,
        0.04036058339476585,
        0.04034480422139168,
        0.04019054216742515,
        0.040119763249158856,
        0.0399192478120327,
        0.039721375101804735,
        0.03977882272601128,
        0.03949227955341339,
        0.03944112957715988,
        0.039170686000585556,
        0.03912993990182877,
        0.039338251411914826,
        0.03882590708136559,
        0.038730724942684175,
        0.03856554029583931,
        0.03846965827941894,
        0.03832244510650635
    ],
    "val_losses": [
        0.04882025443444586,
        0.052942281339768395,
        0.04839822799441921,
        0.04630226319193081,
        0.05207468920452579,
        0.04547734753151608,
        0.04581907987120045,
        0.04506051886803026,
        0.04537792370957174,
        0.0438846844681509,
        0.04411835847481801,
        0.043056078658551926,
        0.043566810145119955,
        0.04216558011663947,
        0.04316054846925341,
        0.0422095286238725,
        0.04215460341827125,
        0.04275585305254171,
        0.042047028210322565,
        0.04149713557047449,
        0.042093844740254106,
        0.04316029906462712,
        0.041177465301600234,
        0.04207676509098642,
        0.0416802473034069,
        0.04155818849896929,
        0.04107637027171767,
        0.04098824062829564,
        0.040906297861580634,
        0.04073550575857709,
        0.04077216249647414,
        0.04074369622453763,
        0.04077282386600591,
        0.041067493355767745,
        0.041018882137574965,
        0.04081317383772249,
        0.04098329265975648,
        0.040794645216624445,
        0.040423403072888685,
        0.04091610975421158,
        0.040615287152635064,
        0.040773673754209164,
        0.04099202718419634,
        0.04109240259239628,
        0.04099417214465749,
        0.04164117918747246,
        0.04110011757369254,
        0.04112103626511659,
        0.041134738642129166
    ],
    "train_psnrs": [
        23.591112439938914,
        25.153936850129515,
        25.723302109326745,
        25.840661733475088,
        25.8732066054003,
        26.057412804134255,
        26.3350776085686,
        26.359704790131165,
        26.504523143390372,
        26.449242705294957,
        26.695741723873244,
        26.68832402908341,
        26.834344885698414,
        26.887368794605507,
        26.928738622848613,
        27.08096709757577,
        27.101893874776735,
        27.087986033666088,
        27.2106078936041,
        27.201025290959386,
        27.280641820920724,
        27.27315103575468,
        27.284673968430695,
        27.351314860954503,
        27.415942504972428,
        27.43335579881281,
        27.44562823638601,
        27.149634243803234,
        27.33747383479407,
        27.51234693666278,
        27.58033595708518,
        27.591087833716383,
        27.625437081747496,
        27.610232665251488,
        27.643645166155842,
        27.654135160264936,
        27.696824071940732,
        27.73265709106436,
        27.688038814822036,
        27.76014534513437,
        27.75592450727675,
        27.825779068196724,
        27.8159799930492,
        27.737059831579366,
        27.863581793568255,
        27.868367197279586,
        27.906659324369016,
        27.913136505239432,
        27.939063004001724
    ],
    "val_psnrs": [
        26.258663408251923,
        24.65310010043603,
        25.89185764608823,
        26.323593179079023,
        25.16941840685164,
        26.63525653124706,
        26.596326544840988,
        26.802119493405076,
        26.549273352590973,
        26.90433892102354,
        26.946057726896534,
        27.091685251804307,
        27.072414336946892,
        27.426522676589816,
        26.963418647237383,
        27.30902901917541,
        27.414882507075955,
        27.225125968285102,
        27.433301150183,
        27.487832724560924,
        27.462595994630842,
        26.902271196789943,
        27.57935737253242,
        27.27557342793912,
        27.58378545931802,
        27.579202010689414,
        27.619336276455552,
        27.655569313935512,
        27.56190117622133,
        27.753593906182015,
        27.673604627308208,
        27.73497086925144,
        27.70241113413264,
        27.589040320716904,
        27.56842891821773,
        27.648347141658597,
        27.600221418792955,
        27.68630023529232,
        27.77675112534048,
        27.69167300179278,
        27.747996069307998,
        27.7051544919065,
        27.564132543179756,
        27.60681540001909,
        27.665099206210794,
        27.374989972228104,
        27.687295685833057,
        27.644610997991844,
        27.643732049949445
    ],
    "train_ssims": [
        0.9653497680544854,
        0.9802473373413086,
        0.9824673130989074,
        0.9830630893707275,
        0.9831178181648255,
        0.9838701981544494,
        0.9846650864601135,
        0.9847634443283081,
        0.9852241640090942,
        0.9850938813209533,
        0.9857153043746948,
        0.9857556265830993,
        0.9860710417747498,
        0.9861748720169068,
        0.9863044616699219,
        0.9865980403900146,
        0.9867594896316528,
        0.9867346390724182,
        0.9869414235115052,
        0.9869677837371826,
        0.9871397280693054,
        0.9871194122314453,
        0.987189033126831,
        0.9873063342094421,
        0.9874579900741577,
        0.9875231259346008,
        0.9875975650787353,
        0.9868121713638306,
        0.9873744924545288,
        0.987755278301239,
        0.9878903368949891,
        0.9879420167922973,
        0.9879863020896912,
        0.9880051301956176,
        0.9880897946357727,
        0.9880680461883545,
        0.9881930428504944,
        0.988284371471405,
        0.9882317475318909,
        0.988368339061737,
        0.9883774888038636,
        0.9885227151870728,
        0.9885142192840576,
        0.988370073890686,
        0.9886299776077271,
        0.9886604341506958,
        0.988740966129303,
        0.9887686239242554,
        0.9888193430900574
    ],