{
    "train_losses": [
        0.0672950542718172,
        0.027418635979294777,
        0.020933562053740026,
        0.017432150010764598,
        0.016157486270368098,
        0.014828961199522019,
        0.01420766576975584,
        0.013519332018494605,
        0.01243570804297924,
        0.011905741225928069,
        0.011590801513195038,
        0.01122128284201026,
        0.01092194816544652,
        0.010878796406835317,
        0.010240132814645767,
        0.009798367884755134,
        0.009666122537851334,
        0.009105075798928738,
        0.009083671388030052,
        0.008638729095458984,
        0.008540732637792826,
        0.00851340591609478,
        0.008420238463580608,
        0.008477332980185747,
        0.007767003957182169,
        0.007663147746026516,
        0.007663201469182968,
        0.00726307525858283,
        0.0072229518942534925,
        0.0071418109603226185,
        0.006815800663083791,
        0.006757473220676184,
        0.006593639178574085,
        0.006606427342444658,
        0.006521555752307177,
        0.006167211341112852,
        0.006350417736917734,
        0.006279510945826769,
        0.00609553116671741,
        0.005954348885640502,
        0.005843943505361676,
        0.005604072068631649,
        0.006027289558202028,
        0.00582217231169343,
        0.005600020519271493,
        0.0055757669571787115,
        0.006175564718991518,
        0.005405499010905624,
        0.005571750778704881,
        0.005316210217773914
    ],
    "val_losses": [
        0.0314673366155594,
        0.023270485875238278,
        0.014447330621777067,
        0.015808407063032413,
        0.025613634176789576,
        0.011091339627316423,
        0.014667225633836855,
        0.011967209749113602,
        0.010890261359085702,
        0.008503683655860888,
        0.00894504620035173,
        0.011647621276462154,
        0.010970407076607085,
        0.008159706956309498,
        0.007151802094166826,
        0.012659865099296069,
        0.006813800697968264,
        0.007402608805828413,
        0.007969515546444495,
        0.005993063781101992,
        0.01129736353281387,
        0.005875664324185272,
        0.00725840604834401,
        0.006099364011412024,
        0.008592858619893052,
        0.006648430772790104,
        0.005875409349419509,
        0.005187516578229939,
        0.0052919907726727096,
        0.005365194675696503,
        0.005492324629430748,
        0.005457440159835254,
        0.006859103710076232,
        0.005367971621572402,
        0.005211053377574986,
        0.004739862567134154,
        0.005767446717211775,
        0.005643289224808193,
        0.0058180025784642835,
        0.005462201902417431,
        0.004604310642595693,
        0.005630927869255186,
        0.004141884657204341,
        0.005442817013259906,
        0.004642997393799815,
        0.004629888823908416,
        0.006538457836315131,
        0.004677326566759188,
        0.004570846155190923,
        0.004398194014148158
    ],
    "train_psnrs": [
        23.61314066828849,
        28.179388144447067,
        29.65799836297364,
        30.84046883382568,
        31.225420660447725,
        31.826778900241642,
        32.11894357475542,
        32.43601337148752,
        33.01853381491298,
        33.312442681051124,
        33.49968433480492,
        33.76710863288544,
        33.972562080386425,
        33.972646823441494,
        34.39752701515966,
        34.7783687832315,
        34.86947212335934,
        35.33928973307944,
        35.36313654975794,
        35.74854425273514,
        35.786291518416924,
        35.82995696429052,
        35.86003370136035,
        35.821639568488635,
        36.576663971829575,
        36.66974742667813,
        36.597538767347835,
        37.033813645917746,
        37.08285300952303,
        37.1534467127192,
        37.55162952188945,
        37.57443188433664,
        37.7891781656959,
        37.71707125437402,
        37.8147596487329,
        38.30430186897233,
        38.058097842535034,
        38.14854637757271,
        38.384313319994746,
        38.58658676154052,
        38.77947726797609,
        39.09099496049541,
        38.48593899344906,
        38.76425429809182,
        39.027663270674495,
        39.08663865749135,
        38.31800356344545,
        39.3044002736773,
        39.06002694988466,
        39.48480015041334
    ],
    "val_psnrs": [
        28.07045283625752,
        28.644849217302472,
        33.07932563141425,
        31.184111712008075,
        26.203423956408038,
        33.764049165868826,
        31.956933015639674,
        33.11466723903942,
        33.82201046026446,
        36.302778143978955,
        35.66377583448787,
        32.6394296252296,
        33.92678125754549,
        36.442321999458734,
        37.643030515124195,
        31.56631776717497,
        37.93456793212236,
        36.76026056329413,
        36.3916270495315,
        38.98081725768343,
        33.292488301347085,
        39.342814577753906,
        37.23162802006674,
        39.181260573892914,
        36.13179468238881,
        38.577343263369286,
        38.801784305503496,
        39.830382280824296,
        39.7509474895638,
        39.70330194701951,
        39.23915017958913,
        39.56221255937023,
        37.190335412876095,
        38.79426526976825,
        39.836352134670044,
        40.94918608735136,
        38.90710742002603,
        38.99552409725628,
        38.30205174259019,
        38.56127823709173,
        41.102652055252015,
        38.764733179808516,
        41.530416678959696,
        38.826301253002654,
        40.90795322969693,
        40.68067533152951,
        37.252697809467286,
        40.23876870439382,
        40.764063831660415,
        40.96312319566889
    ],
    "train_ssims": [
        0.9600328607559204,
        0.9905090037345886,
        0.9934417984008789,
        0.9949847480773926,
        0.9954111070632935,
        0.9959988576889038,
        0.996305816745758,
        0.9965223268508911,
        0.9969383646965027,
        0.9971140944480896,
        0.9972190613746643,
        0.997399800491333,
        0.9974980964660645,
        0.9975703469276428,
        0.9977336678504943,
        0.9978755859375,
        0.9979447165489197,
        0.99813296957016,
        0.998154879951477,
        0.998279410457611,
        0.998291637134552,
        0.9983468463897706,
        0.998354771900177,
        0.9983146424293519,
        0.9985613077163696,
        0.998573662853241,
        0.9985876401901245,
        0.9987021257400512,
        0.9987115957260132,
        0.9987346057891846,
        0.9988425058364868,
        0.9988487299919129,
        0.9988994144439697,
        0.9988724040031434,
        0.9989202765464783,
        0.999030887889862,
        0.9989896761894226,
        0.9989840103149414,
        0.9990385023117065,
        0.9990826776504517,
        0.9991311311721802,
        0.9991802240371704,
        0.9990785508155823,
        0.9991185192108154,
        0.9991819430351258,
        0.9991929362297058,
        0.999011691570282,
        0.9992292881011963,
        0.99918891248703,
        0.9992667105674744
    ],