{
    "train_losses": [
        0.013498017538338899,
        0.0093989440339307,
        0.008567473055794835,
        0.008240191761404276,
        0.008013063388566177,
        0.007822112372765939,
        0.00770314850161473,
        0.007616501135751605,
        0.007467199459051092,
        0.007353377186382811,
        0.007320248207077384,
        0.007258565227190653,
        0.007186432517444094,
        0.007176108314966162,
        0.007104789678628246,
        0.007061834252128999,
        0.007020660660540064,
        0.006992509357010325,
        0.006942051156734427,
        0.006928947733094295,
        0.00689048918026189,
        0.006876850618670384,
        0.006849706826731562,
        0.006833658699567119,
        0.006817548440769315,
        0.006788226905589302,
        0.006779182052860658,
        0.006779138869295517,
        0.00673100492482384,
        0.006724897038812439,
        0.0067049538716673854,
        0.006700633379320304,
        0.006698418702930212,
        0.006683541925624013,
        0.006649513139699896,
        0.006632072078684966,
        0.006633307868614793,
        0.006622244024649262,
        0.0066338551168640455,
        0.0066125906792779765,
        0.006600792006279031,
        0.0065997681487351655,
        0.006592367992425958,
        0.006585144930829605,
        0.0065684689761449895,
        0.006547365294148524,
        0.006550495222831766,
        0.006567424157013496,
        0.006540266526242097,
        0.006535912580167254
    ],
    "val_losses": [
        0.01029200301545256,
        0.008935697574881798,
        0.008158885918438752,
        0.00801962235090422,
        0.00782174205635377,
        0.007788497820853236,
        0.007542548010105941,
        0.007425028157043964,
        0.007324071162618063,
        0.0073377500421942235,
        0.007249053374448038,
        0.007225042422044467,
        0.007146283870245865,
        0.007052789556179592,
        0.007027492207039068,
        0.0069885988586007594,
        0.00690553024995755,
        0.006885044876129386,
        0.006857663093313099,
        0.006943462542852664,
        0.006857937444595897,
        0.006835273214358281,
        0.0068592118307393285,
        0.0067900164434289995,
        0.006770004030376514,
        0.006758477756793195,
        0.006731043705974329,
        0.006748197887568397,
        0.0067370356694656484,
        0.006673697558073129,
        0.006679308511554561,
        0.006703040109293417,
        0.006667426569347686,
        0.006630348608868712,
        0.006633597790223962,
        0.006599082130978399,
        0.006567506399501035,
        0.0065478695224613906,
        0.006558349365962946,
        0.0065747039427267425,
        0.006562097114510834,
        0.006541803474240797,
        0.006566376608618079,
        0.006559402406948836,
        0.006531601481912459,
        0.006565128832044912,
        0.00655950366598653,
        0.006592244796573799,
        0.006504814108298656,
        0.006519331430837987
    ],
    "train_psnrs": [
        28.21607564813963,
        29.874545423618752,
        30.418600421613785,
        30.639990765149847,
        30.809526617393164,
        30.979582476367888,
        31.074884631147935,
        31.150699565814904,
        31.271543922140427,
        31.3672633689077,
        31.383482864822042,
        31.43865145324255,
        31.51572809955558,
        31.525049477513598,
        31.605067975379562,
        31.634283410423173,
        31.67031092211462,
        31.69463327119596,
        31.745496553649883,
        31.74772333668787,
        31.788571366404465,
        31.812397467813216,
        31.815084361540396,
        31.845719766573268,
        31.864179874018504,
        31.879556583584925,
        31.892089303806536,
        31.90130133649878,
        31.928866876784053,
        31.946852436248545,
        31.952914605932232,
        31.95766681370422,
        31.9723226245565,
        31.9797514302784,
        32.005915704754386,
        32.0254772699618,
        32.0306407619793,
        32.03201025600641,
        32.02067685526622,
        32.05662829283178,
        32.051923502673624,
        32.048027180080084,
        32.06390626617645,
        32.09040893971136,
        32.09534074066316,
        32.120070126674186,
        32.11063595566293,
        32.12230051713016,
        32.12407448686648,
        32.1326207223162
    ],
    "val_psnrs": [
        29.394121620291653,
        30.215822618015288,
        30.674287423334118,
        30.805541865677366,
        30.94328879347222,
        31.03413157381726,
        31.194350461902957,
        31.28446999469698,
        31.382726846551407,
        31.381864581032872,
        31.43974169215109,
        31.457628587725672,
        31.551504101691922,
        31.658660978330012,
        31.60618649059386,
        31.627562073502567,
        31.756123931899147,
        31.780402616276717,
        31.831730883592666,
        31.757213673125786,
        31.810028612496478,
        31.857199061013393,
        31.826922234757564,
        31.91796263617759,
        31.889448795724547,
        31.912237101716062,
        31.929577002448482,
        31.920072224369207,
        31.96371256097105,
        31.961731253278153,
        31.960809486647094,
        32.010787630804806,
        31.96033083905771,
        32.02627892835604,
        32.02260910295397,
        32.049109543205525,
        32.0702476485703,
        32.091037600109885,
        32.08723608146716,
        32.0909388899812,
        32.10150328190391,
        32.135645247675185,
        32.06623097898246,
        32.10580114402126,
        32.15091053160617,
        32.12350607950952,
        32.11690015207068,
        32.08419192686319,
        32.20290511962479,
        32.1338464243806
    ],
    "train_ssims": [
        0.990318466703097,
        0.9945403253237406,
        0.9951858607133229,
        0.99542600329717,
        0.9956045660177867,
        0.9957772767543793,
        0.9958683625062307,
        0.995938777923584,
        0.9960534098943075,
        0.9961402449607849,
        0.9961522241433461,
        0.996203865369161,
        0.9962681345939636,
        0.9962772982915242,
        0.9963461018403371,
        0.9963697722752889,
        0.9963998824755351,
        0.9964186497529348,
        0.9964596405029297,
        0.9964612986246745,
        0.9964943583011627,
        0.9965134835243226,
        0.9965145850976308,
        0.9965395002365113,
        0.9965532766183217,
        0.9965653301080067,
        0.9965756803353627,
        0.9965824666023254,
        0.9966038693586985,
        0.996617363055547,
        0.9966228133837381,
        0.996626396894455,
        0.9966362167994182,
        0.9966434769630432,
        0.9966629887421926,
        0.9966780336697897,
        0.9966826805273692,
        0.9966822060743967,
        0.9966757902304332,
        0.9967018310228983,
        0.9966976618766785,
        0.9966952650547027,
        0.996707752863566,
        0.9967262112299601,
        0.9967306361993153,
        0.9967502700487773,
        0.9967422375679016,
        0.9967502138614655,
        0.9967517042160035,
        0.9967589284578959
    ],