{
    "train_losses": [
        0.011079111818224192,
        0.009799699760973453,
        0.009643742522845666,
        0.009549362771213054,
        0.009482271924614906,
        0.00942998702948292,
        0.009387234778453907,
        0.009357195434470972,
        0.00932153379668792,
        0.009311778080960115,
        0.009270543017735083,
        0.009253882105151812,
        0.009225322081396977,
        0.009206147382656734,
        0.009183965879182021,
        0.009172004086275895,
        0.009159652729829153,
        0.009144824674973885,
        0.009131737023591996,
        0.009116547518720229,
        0.00909705962613225,
        0.009085848273088535,
        0.009070069599896669,
        0.009056106419612964,
        0.009027412212143341,
        0.009012393154203891,
        0.009008319615075986,
        0.00900650213037928,
        0.00899191194648544,
        0.008978895167509715,
        0.008956523184974988,
        0.008956694964319467,
        0.008957435647646585,
        0.008944730274379253,
        0.00894348688920339,
        0.008933402835081022,
        0.008924433800081412,
        0.008917602196335793,
        0.008909299132724603,
        0.00891100008164843,
        0.008898750593264898,
        0.008893314016362031,
        0.008880454213668903,
        0.008876018213729063,
        0.008870681074758371,
        0.008863239744057259
    ],
    "val_losses": [
        0.009844415553627497,
        0.00992762958234612,
        0.009521712083369493,
        0.009659752477594513,
        0.009410026389114718,
        0.009393737993222918,
        0.009355274856367961,
        0.009288908874100827,
        0.009396724913150389,
        0.009285389475445164,
        0.009217541798592565,
        0.009199821756796,
        0.009224246236238074,
        0.009176607085193725,
        0.009176718482272105,
        0.009152454591574186,
        0.009123139459877572,
        0.009160316202472499,
        0.009147539675394271,
        0.009132799608236614,
        0.009149808248386104,
        0.009046735405485997,
        0.009047638877552557,
        0.009019292762225612,
        0.009091225888659345,
        0.009138751626411017,
        0.009058532904476878,
        0.009140099552360939,
        0.008969665133453746,
        0.00899286197617333,
        0.008995882255282807,
        0.008977225035468632,
        0.008942263002725357,
        0.009041780457296904,
        0.008973614134370013,
        0.008915194320155586,
        0.008998131097116053,
        0.008942590659840944,
        0.00893795154889689,
        0.008949974863889052,
        0.008966669415500252,
        0.008952696168636705,
        0.00892365092233299,
        0.008960471384504691,
        0.008937765219982,
        0.00891580463862641
    ],
    "train_psnrs": [
        30.207514300538723,
        30.80405303955079,
        30.91643474341817,
        30.98603619316978,
        31.03636819119353,
        31.07483010829473,
        31.106359631605326,
        31.12895667187022,
        31.15511523748916,
        31.163874670972486,
        31.192184328963627,
        31.20545419435003,
        31.22537523278441,
        31.237429338301514,
        31.253361009714897,
        31.26097900674065,
        31.27044467694379,
        31.280045926237243,
        31.286579154528518,
        31.295994885398745,
        31.307659079745612,
        31.313242708108902,
        31.323984622740067,
        31.32699999377217,
        31.343467984408893,
        31.3501542376247,
        31.353906765698586,
        31.354767239077642,
        31.359547861829284,
        31.366627810012165,
        31.38055576126464,
        31.381143377421083,
        31.379419564486753,
        31.38534481433961,
        31.3860222393484,
        31.392064957148918,
        31.395735904898682,
        31.398597854018824,
        31.403887991069126,
        31.40183204295568,
        31.410707359498634,
        31.410865004703503,
        31.41984583280267,
        31.42231591053555,
        31.426032082828577,
        31.425907855636144
    ],
    "val_psnrs": [
        30.739346561795692,
        30.655437980185443,
        31.019960663542008,
        30.840974609739828,
        31.067716070583263,
        31.08036995072867,
        31.08016414300426,
        31.172897217542936,
        31.076168145790085,
        31.144314093987237,
        31.23988921286399,
        31.235180789228693,
        31.194008623879295,
        31.2629927505839,
        31.27724423820322,
        31.25014386927787,
        31.290805682782082,
        31.285473847435714,
        31.236069157452782,
        31.275889692820726,
        31.24101118547672,
        31.3282598613706,
        31.347864659872343,
        31.35873224699558,
        31.32317638758902,
        31.334837802433583,
        31.35062178892023,
        31.32570598723242,
        31.359643557352307,
        31.361882788817095,
        31.315522014345696,
        31.361755812790218,
        31.38135131995726,
        31.337167218552633,
        31.361778678461615,
        31.40120529312427,
        31.358671995334223,
        31.36966013040675,
        31.37482491483149,
        31.36678722004932,
        31.39406870465529,
        31.36113645015947,
        31.358805625270577,
        31.345908511308835,
        31.384338662033887,
        31.371988666426823
    ],
    "train_ssims": [
        0.9941832059224447,
        0.9956107880274455,
        0.9957247877120972,
        0.9957904951572418,
        0.9958420828978221,
        0.9958791988690694,
        0.9959105994701386,
        0.9959318548043569,
        0.9959561397234599,
        0.9959643534024556,
        0.9959913074175517,
        0.9960029687086741,
        0.9960228627522787,
        0.9960329956213633,
        0.9960489881038666,
        0.9960553217728932,
        0.9960632762908935,
        0.9960706675052643,
        0.9960773769219716,
        0.9960854163169861,
        0.9960948570569357,
        0.9960990292231242,
        0.9961089357535045,
        0.9961097525755565,
        0.9961247722307841,
        0.9961301418145497,
        0.9961335903008779,
        0.9961335328420003,
        0.9961376051108043,
        0.9961442749500274,
        0.9961563786665598,
        0.9961561408837636,
        0.9961557295322419,
        0.9961604758898417,
        0.9961603570779165,
        0.9961659172375997,
        0.9961690823237102,
        0.9961717393398285,
        0.996176122268041,
        0.9961748127937317,
        0.996182450691859,
        0.9961826333204905,
        0.9961907502015431,
        0.9961928677558899,
        0.9961956499417622,
        0.9961957146326701
    ],
    "val_ssims": [
        0.9955317428771485,
        0.9953224173885711,
        0.9958242158940498,
        0.9956627925659748,
        0.9958692532270512,
        0.9958850379953993,
        0.9958750126843757,
        0.9959710427421204,
        0.995871382190826,
        0.9959229100891884,
        0.99603023903167,
        0.9960195444365765,
        0.9959827097172432,
        0.9960554578202836,
        0.9960600949348287,
        0.9960384552783155,
        0.9960842243534453,
        0.9960595258372895,
        0.9960244916220928,
        0.9960698085896512,
        0.996011179178319,
        0.996110515074527,
        0.9961136306854005,
        0.9961293558491037,
        0.9960956215224368,
        0.996056096667939,
        0.9961008613413953,
        0.9960468176831591,
        0.9961321861185926,
        0.9961417846857233,
        0.996101993829646,
        0.9961443625866099,
        0.9961531568080821,
        0.9961052343566367,
        0.9961415595830755,
        0.9961604900816654,
        0.9961284256361901,
        0.996144101657766,
        0.9961508759792815,
        0.9961436517695164,
        0.9961650412767491,
        0.9961333652126029,
        0.996136502699649,
        0.9961244964853246,
        0.9961503604625134,
        0.996144600688143
    ],