{
    "train_losses": [
        0.07221683382987976,
        0.04115013828873634,
        0.03720259588956833,
        0.035319479525089265,
        0.03445625069737435,
        0.03371602165699005,
        0.0326198268532753,
        0.03197049817442894,
        0.03153855514526367,
        0.031290951550006864,
        0.030710896849632262,
        0.03012951551377773,
        0.029903064012527465,
        0.029616209849715233,
        0.0294775553047657,
        0.029103677719831467,
        0.029120637223124503,
        0.029445946991443633,
        0.028589736133813857,
        0.028622417345643043,
        0.028665125787258147,
        0.02797665563225746,
        0.028218573108315468,
        0.03012138022482395,
        0.028117047354578973,
        0.02762261998653412,
        0.027498058184981345,
        0.02726539419591427,
        0.027508545607328416,
        0.027353026047348974,
        0.02703140960633755,
        0.027474206477403642,
        0.02681977888941765,
        0.026786053478717806,
        0.0266619673371315,
        0.026308848291635514,
        0.026311981156468392,
        0.026379262685775756,
        0.026404567167162895,
        0.02653410670161247,
        0.026183696925640106,
        0.026092542499303817,
        0.02608395080268383,
        0.026013930886983873,
        0.025802067995071412,
        0.027801925376057624,
        0.026984552830457687,
        0.026207649633288383,
        0.026161884650588035,
        0.026024174451828003
    ],
    "val_losses": [
        0.03933306748513132,
        0.03431478585116565,
        0.031860170303843915,
        0.03226050524972379,
        0.03295464115217328,
        0.029160986829083413,
        0.0294188471743837,
        0.028684726683422923,
        0.03249883797252551,
        0.027628926909528673,
        0.02723556524142623,
        0.027033732912968844,
        0.027938087994698435,
        0.028395134606398642,
        0.03108037222409621,
        0.09790006699040532,
        0.027525594574399292,
        0.02631072502117604,
        0.026153648155741394,
        0.02601936034625396,
        0.025739244651049376,
        0.025816122884862125,
        0.02640497306128964,
        0.025424557272344828,
        0.02528069756226614,
        0.024969942460302263,
        0.02588659105822444,
        0.02497214765753597,
        0.02553161169635132,
        0.02483508235309273,
        0.02458576252683997,
        0.02539949509082362,
        0.02477165195159614,
        0.025097978592384607,
        0.024171034106984735,
        0.024327122780960053,
        0.025276440603192896,
        0.024371117760892957,
        0.02557298808824271,
        0.024490779032930732,
        0.023916412377730012,
        0.02414425922324881,
        0.023847209056839347,
        0.02393056993605569,
        0.023949102964252234,
        0.031095177051611245,
        0.024419751833193004,
        0.02821273816516623,
        0.024293698370456696,
        0.023908186587505043
    ],
    "train_psnrs": [
        25.706401774461824,
        29.268628211149146,
        29.889557955317468,
        30.344001927958892,
        30.477657322820246,
        30.440123144918847,
        30.870101619634084,
        30.975769216864347,
        31.06715360189134,
        30.968321842957053,
        31.205622785914585,
        31.424742626838835,
        31.500218951273897,
        31.470080199985826,
        31.376168893499,
        31.546696287560565,
        31.53281727175426,
        31.384356195665532,
        31.62478953659231,
        31.6882876843692,
        31.584965402193777,
        31.81297292713958,
        31.651686970874184,
        30.757016404504476,
        31.572279334530844,
        31.849521522040096,
        31.868648623759583,
        31.94551715993816,
        31.873864255658795,
        31.848895590833497,
        31.96477128939696,
        31.770895219393402,
        31.981207726472324,
        32.034672214614595,
        32.07063565692849,
        32.11956321498555,
        32.132944819895165,
        32.118568138010154,
        32.004110593016215,
        32.0256096091523,
        32.13573055712843,
        32.16894982498854,
        32.145876817522996,
        32.15976502460583,
        32.210382963786714,
        31.44046654907204,
        31.833563240637513,
        32.06484445702612,
        32.11080056429633,
        32.02231273175619
    ],
    "val_psnrs": [
        30.04488335865487,
        30.373230432738914,
        31.143498905512445,
        30.325677599887726,
        29.134375218951583,
        31.57798262712018,
        31.548234652090468,
        31.709011465183384,
        28.83759864952806,
        31.87288292122974,
        31.930944545671203,
        31.895129983830564,
        31.414995385947307,
        30.55744559119558,
        28.38317943015042,
        15.7467815532966,
        31.23906622826435,
        32.14149032684793,
        32.172498662901525,
        32.18760071652356,
        32.221946215890576,
        32.06399331812381,
        32.126888711530555,
        32.28435411066623,
        32.31283681008543,
        32.32731217680757,
        31.887541927737534,
        32.35126455171136,
        32.213695732591546,
        32.365995574522266,
        32.344500986514475,
        32.0890450903824,
        32.302934657179776,
        32.21273611115244,
        32.48951743267932,
        32.46856371487958,
        31.88659890665587,
        32.41700648996052,
        31.653735667797754,
        32.47430425990895,
        32.543497265920124,
        32.52108993864854,
        32.551980011166506,
        32.52849642419435,
        32.53333989344483,
        29.326750200246504,
        32.42448455854101,
        29.32545125354192,
        32.502521787577315,
        32.52052642893432
    ],
    "train_ssims": [
        0.9751225719451905,
        0.9913932113647461,
        0.992429958820343,
        0.9932507739067078,
        0.9934861516952515,
        0.9933696646690369,
        0.9940267658233642,
        0.9941875810623169,
        0.9943005084991455,
        0.9941188082695007,
        0.9944769678115845,
        0.9947534193992614,
        0.9948309140205384,
        0.9947986931800842,
        0.9946793885231018,
        0.9948493170738221,
        0.994859212398529,
        0.9946941275596619,
        0.9949869666099548,
        0.9950539884567261,
        0.9948834633827209,
        0.9951903600692749,
        0.9949843487739563,
        0.9936304907798768,
        0.9949215245246887,
        0.9952364349365235,
        0.9952505159378052,
        0.9953363814353943,
        0.9952519526481628,
        0.9952344522476196,
        0.9953627533912659,
        0.9951526188850403,
        0.9953709855079651,
        0.9954300465583801,
        0.9954772253036499,
        0.9955309343338012,
        0.9955446515083313,
        0.9955227813720703,
        0.9953568377494812,
        0.9954135360717773,
        0.9955359120368957,
        0.9955685725212097,
        0.9955456595420837,
        0.995556930065155,
        0.9956009273529053,
        0.9945891742706299,
        0.9952146415710449,
        0.9954509716033936,
        0.9954975543022155,
        0.9954133877754211
    ],