{
    "train_losses": [
        0.013328187940021356,
        0.009337499244759481,
        0.008885612089807789,
        0.008573110243926445,
        0.008269933180262645,
        0.00801446892072757,
        0.0077807206610838574,
        0.007668559683486819,
        0.007535625013212363,
        0.00742120771172146,
        0.007357198663676778,
        0.007264520106837154,
        0.00724368283773462,
        0.007119873614360889,
        0.007159497595702609,
        0.0071204132909576095,
        0.006968559917062521,
        0.006947723160808285,
        0.00687572181224823,
        0.006823365785802404,
        0.006782266208902001,
        0.006687448735038439,
        0.00664414581656456,
        0.0065886796358972785,
        0.006491454985613624,
        0.006421426580597957,
        0.006323397040367127,
        0.006283227813119689,
        0.00614694182947278,
        0.006052011768644055
    ],
    "val_losses": [
        0.009352718276823772,
        0.009281777439916388,
        0.0081910354040682,
        0.007979178122502375,
        0.007808202746363872,
        0.00795223726643289,
        0.007636849126937066,
        0.007706481383796385,
        0.0075896528940845994,
        0.007361169602285991,
        0.007390805106471352,
        0.0077870557743540784,
        0.007237480549597519,
        0.007149472701402896,
        0.007353684074800223,
        0.007140157300919453,
        0.007071176833631669,
        0.007231405398689527,
        0.0070292972885270385,
        0.007020154207489116,
        0.007027633240486079,
        0.007065340950886937,
        0.007110190939435617,
        0.007067308830533256,
        0.00741047455255497,
        0.007108929529885187,
        0.0075189551100768946,
        0.007274593967211215,
        0.007221027497856065,
        0.007268973955626976
    ],
    "train_psnrs": [
        29.087261536531027,
        30.70656063300822,
        31.040300931020397,
        31.27719573796573,
        31.517421950195292,
        31.722483869136727,
        31.915616068527587,
        32.01313727851765,
        32.128430004143645,
        32.2301588982613,
        32.28795193602978,
        32.36912799794392,
        32.3889022182513,
        32.49627300298832,
        32.46399981400746,
        32.4973308815518,
        32.6337887234505,
        32.65130068858523,
        32.71860545581492,
        32.76756380834176,
        32.806655414476815,
        32.8965641888274,
        32.93951846344071,
        32.99763250762752,
        33.09473324240295,
        33.1704250511038,
        33.27432556730351,
        33.32402939954743,
        33.47169058064429,
        33.57954996674051
    ],
    "val_psnrs": [
        30.599199311556436,
        30.754214066695724,
        31.545985046378302,
        31.701982797629704,
        31.89685900140862,
        31.729521388202873,
        31.99769486301344,
        31.982747127851006,
        32.09208193723992,
        32.276473976306356,
        32.253517241538596,
        31.98344838769939,
        32.370195963437325,
        32.46952922118669,
        32.23189672577195,
        32.439704153763515,
        32.53181218613778,
        32.40962491448424,
        32.578172021526406,
        32.582944022450306,
        32.57786184217297,
        32.5093739510538,
        32.47460189568644,
        32.52715360300136,
        32.2169147061949,
        32.49574405109641,
        32.06160144272269,
        32.33640963657856,
        32.345069631694926,
        32.31240412581951
    ],
    "train_ssims": [
        0.990167414188385,
        0.9952454216480255,
        0.9956049997011821,
        0.9958592491149902,
        0.9961165374914805,
        0.9963353868325552,
        0.9965321369965872,
        0.9966104301611582,
        0.9967133491834005,
        0.9967988960742951,
        0.9968382682800293,
        0.996902250846227,
        0.9969109889666239,
        0.9970000321070354,
        0.9969615180492402,
        0.9969888806343079,
        0.9971034580866496,
        0.9971004129250844,
        0.9971552937030792,
        0.9971871952215831,
        0.9972103384335835,
        0.997275115331014,
        0.997296929359436,
        0.9973316801389058,
        0.9973928663730621,
        0.9974363723595937,
        0.9974986875851949,
        0.9975102996031443,
        0.997609136501948,
        0.9976663746039073
    ],
    "val_ssims": [
        0.9952982492903446,
        0.9953925707872878,
        0.9962915664023542,
        0.9964033888375505,
        0.9965778031247727,
        0.9964612795317427,
        0.9966407954058749,
        0.9966122498537632,
        0.9966953571172471,
        0.9968767730479545,
        0.9968494953627282,
        0.9964808051256423,
        0.9969476344103508,
        0.9969957074586381,
        0.9967754648086873,
        0.9969591355704247,
        0.9970513189092596,
        0.9969559752560676,
        0.997079610507539,
        0.9970828193299314,
        0.997080848255056,
        0.9970385235674838,
        0.9969891287544941,
        0.9970431660718106,
        0.9968070635136138,
        0.9970182525984784,
        0.9965844189232969,
        0.9968840058179612,
        0.9969132910383508,
        0.9968911869094726
    ],
    "test_loss": 0.0070027630853282796,
    "test_psnr": 32.60080796461663,
    "test_ssim": 0.9970721947919031,
    "computation_time": 3311.7230281829834,
    "epochs_trained": 30
}