{
    "train_losses": [
        0.09860859507322312,
        0.06059025704860687,
        0.054899364322423934,
        0.05241564813256264,
        0.04870876756310463,
        0.04696809312701225,
        0.045409049302339556,
        0.04425822460651398,
        0.04170867908000946,
        0.04074076563119888,
        0.040146250247955324,
        0.03846274428069592,
        0.03842430007457733,
        0.03875066439807415,
        0.03891143713891506,
        0.03840442904829979,
        0.03699236591160297,
        0.03713288532197476,
        0.037105456337332726,
        0.03741216979920864,
        0.03613521026074886,
        0.0363503150343895,
        0.03605521765351295,
        0.03580088087916374,
        0.034878724619746206,
        0.03550892405211926,
        0.03569784767925739,
        0.03487807907164097,
        0.03497199453413487,
        0.03477621015906334,
        0.03474354043602943,
        0.0339769621193409,
        0.036344361126422885,
        0.03381414996087551,
        0.0341099226474762,
        0.033587345287203786,
        0.033012599647045136,
        0.03392522029578686
    ],
    "val_losses": [
        0.06314707244746387,
        0.05393252393696457,
        0.04873171530198306,
        0.04844222473911941,
        0.04602544545195997,
        0.04304105567280203,
        0.04744100652169436,
        0.04272945586126298,
        0.03755598410498351,
        0.03904888720717281,
        0.03889269579667598,
        0.04061793570872396,
        0.035957381944172084,
        0.039357125642709434,
        0.03875874204095453,
        0.03903534053824842,
        0.03860742098186165,
        0.037595365138258785,
        0.03665995231131092,
        0.0362086272216402,
        0.0346066381316632,
        0.03624331747414544,
        0.0340141782653518,
        0.03655294806230813,
        0.03342347912257537,
        0.034941563208121806,
        0.03697112132795155,
        0.03200578561518341,
        0.03493833896936849,
        0.03218449046835303,
        0.03443083603633568,
        0.30075340531766415,
        0.035305951547343284,
        0.033267054008319974,
        0.03286342875799164,
        0.034006273839622736,
        0.03434336953796446,
        0.03404826478799805
    ],
    "train_psnrs": [
        22.497796717394554,
        26.19486216600306,
        26.921574798743098,
        26.91948635638183,
        27.594466846756866,
        27.818383691333217,
        27.998490935074795,
        28.122408807649695,
        28.404564541270727,
        28.52433073594467,
        28.620010851606548,
        28.85406214284972,
        28.883487830420137,
        28.819594721700845,
        28.842007088820818,
        28.777050469372035,
        29.009410597962862,
        29.12346001548318,
        29.114846195303375,
        28.8406118959931,
        29.156697248199976,
        29.198104063526536,
        29.240234274724422,
        29.327205650065356,
        29.390052493262193,
        29.365950889078682,
        29.312711529140387,
        29.494588960953067,
        29.405595320735674,
        29.41814334319451,
        29.47815287057111,
        29.53040618274156,
        29.007846125532456,
        29.48374226641214,
        29.42801357613649,
        29.51566242160227,
        29.617465576739995,
        29.51650411593685
    ],
    "val_psnrs": [
        26.208922031617632,
        27.15493960838142,
        27.439291982669232,
        27.812549730323294,
        27.824536776613236,
        28.303214116806473,
        26.09225204983833,
        28.04381460633708,
        28.82186433321297,
        28.531718789432254,
        28.872905777455813,
        28.73621976120992,
        29.220191792171356,
        28.603230920897555,
        28.784530249116,
        27.072432548608624,
        27.98085243588898,
        28.913668966561254,
        28.91103675318137,
        29.164579752429727,
        29.309812320457798,
        29.22871527185819,
        29.43502150674804,
        29.148836759992246,
        29.593662272240312,
        29.116614543157155,
        29.267638885143022,
        29.74603558007086,
        29.239399835932723,
        29.727574700209967,
        29.062149393706886,
        8.152439147844618,
        29.27265589479782,
        29.4652351118677,
        29.72134771859423,
        29.276589089155674,
        28.985306620010398,
        29.45008499679731
    ],
    "train_ssims": [
        0.953403377532959,
        0.9826701207160949,
        0.9852785763740539,
        0.9853166999816895,
        0.9873592004776001,
        0.9879488105773926,
        0.9884210968017578,
        0.9887383284568787,
        0.989458393573761,
        0.9897553706169129,
        0.989949170589447,
        0.9904297356605529,
        0.9905393629074096,
        0.9903841199874878,
        0.9904546136856079,
        0.9903172492980957,
        0.9907814602851868,
        0.991007881641388,
        0.9909889950752259,
        0.990414132118225,
        0.9910901217460633,
        0.9911519546508789,
        0.9912580494880676,
        0.9914329514503479,
        0.9915530724525452,
        0.991531816482544,
        0.9914048595428466,
        0.9917536721229553,
        0.9915753602981567,
        0.9915886788368226,
        0.9917284183502197,
        0.9917922258377075,
        0.990781979560852,
        0.9917473454475403,
        0.9916253995895385,
        0.9918068399429322,
        0.9919865608215332,
        0.9917984771728515
    ],
    "val_ssims": [
        0.9830789621919394,
        0.9863703157752752,
        0.9872102867811918,
        0.9881006721407175,
        0.9882374573498964,
        0.9894373044371605,
        0.9831462427973747,
        0.9885096810758114,
        0.9906108267605305,
        0.9899670761078596,
        0.990763621404767,
        0.990305719897151,
        0.9914184492081404,
        0.9901760332286358,
        0.9905605893582106,
        0.9861136302351952,
        0.9887762628495693,
        0.990745784714818,
        0.9907632730901241,
        0.9912969432771206,
        0.9916389565914869,
        0.9914280641824007,
        0.991823909804225,
        0.9912880584597588,
        0.9921361710876226,
        0.9911301806569099,
        0.99150300770998,
        0.9923262260854244,
        0.9915348440408707,
        0.9923352431505919,
        0.9908468145877123,
        0.5709940548986197,
        0.9914939273148775,
        0.9919248949736357,
        0.9923274461179972,
        0.9915344715118408,
        0.9910537153482437,
        0.9919057581573725
    ],
    "test_loss": 0.033559788160026076,
    "test_psnr": 29.527845047761847,
    "test_ssim": 0.9917923693656922,
    "computation_time": 1500.3913769721985,
    "epochs_trained": 38
}