{
    "train_losses": [
        0.1029560033082962,
        0.06287516278028488,
        0.04779591345787048,
        0.03949105557799339,
        0.034954217627644536,
        0.0326810842603445,
        0.029905619621276854,
        0.02785257290303707,
        0.026371562898159027,
        0.026695133581757544,
        0.025503841236233712,
        0.02398513425886631,
        0.023743497088551523,
        0.021057383313775064,
        0.02130554460734129,
        0.0212891321182251,
        0.02101441303640604,
        0.019282326169312,
        0.02015030713379383,
        0.020004270061850547,
        0.01902851916849613,
        0.01891188060492277,
        0.018494295604526995,
        0.01795819292962551,
        0.01758030705899,
        0.01739124087244272,
        0.01724958700686693,
        0.01701646412909031,
        0.017003219217061997,
        0.015544759579002858,
        0.015319870956242085,
        0.0192668252363801,
        0.015794179163873195,
        0.015495047524571419,
        0.015114540807902813,
        0.014407584860920907,
        0.014471343502402305,
        0.013475341796875,
        0.013196425415575504,
        0.012452299803495407,
        0.012555913597345352,
        0.011790477871894836,
        0.0121921092197299,
        0.011793318919837474,
        0.011127094484865666,
        0.010850517548620701,
        0.011247675038874149,
        0.010294980123639106,
        0.010369103945791722,
        0.010053707279264927
    ],
    "val_losses": [
        0.10639443900436163,
        0.07244941010139883,
        0.04051818314474076,
        0.035945891635492444,
        0.032027350389398634,
        0.02891175472177565,
        0.030753966595511883,
        0.02636720397276804,
        0.028833003889303654,
        0.029580970061942935,
        0.02239719033241272,
        0.02318824571557343,
        0.02913662017090246,
        0.018699122534599155,
        0.01841010805219412,
        0.016459031030535698,
        0.024545808730181307,
        0.02551683207275346,
        0.02539727109251544,
        0.02050144405802712,
        0.019850483571644872,
        0.020049660641234368,
        0.024520879553165287,
        0.026134155166801065,
        0.014442497311392799,
        0.014776320604141802,
        0.01800728455418721,
        0.015801014262251556,
        0.022690617945045233,
        0.012848604121245444,
        0.020076361659448594,
        0.017099536082241684,
        0.012987698282813653,
        0.016760464262915775,
        0.01957552501698956,
        0.01156337870634161,
        0.013769359240541235,
        0.01103731314651668,
        0.011404140939703211,
        0.013064245722489432,
        0.010905818722676486,
        0.01008841281873174,
        0.012968467694008723,
        0.0125918029807508,
        0.011034990719053894,
        0.011139679467305541,
        0.009461488574743271,
        0.01119900806224905,
        0.008932306780479848,
        0.010038282722234726
    ],
    "train_psnrs": [
        21.720693999390413,
        24.05388987115075,
        25.628790934753976,
        26.58039768493139,
        27.25520557567002,
        27.482482553184187,
        28.07514848265792,
        28.511582601457846,
        28.859424830997025,
        28.540844245200223,
        28.734926784235657,
        29.277327904710706,
        29.250491631022598,
        30.141418787564756,
        29.818925356526798,
        29.821127223799813,
        29.753019821095744,
        30.551414275201694,
        30.02858067864894,
        30.093938917995416,
        30.49152416380954,
        30.532554832749096,
        30.66579424689593,
        30.845580240608182,
        30.980439661230996,
        31.0671234837329,
        30.98526113505271,
        31.235857122101304,
        31.176222869728125,
        31.993637499252348,
        32.07866756088376,
        30.90882448910135,
        32.04398537393819,
        32.177613761543405,
        32.38694568621448,
        32.86467494084388,
        32.73325562620609,
        33.34666467607397,
        33.563980556637055,
        33.91703171604203,
        33.91521281207579,
        34.36605501634953,
        34.155369184066345,
        34.38984947238199,
        34.76179984750505,
        34.957815168286174,
        34.76727076792564,
        35.22618204996322,
        35.25928158382183,
        35.45732535595458
    ],
    "val_psnrs": [
        19.773613860816518,
        20.81174938394796,
        26.914241844713814,
        27.087205121144255,
        28.65119843025688,
        29.11132340272039,
        27.294249150382775,
        29.229551507546223,
        29.266557531108738,
        27.13191173564949,
        31.2918748869246,
        28.717116316455307,
        26.507934885443877,
        30.637040643208543,
        31.55864350396898,
        32.621984074334826,
        28.697056631285882,
        28.04686309011419,
        27.396556900415575,
        29.281294502944338,
        30.708022995765653,
        31.122759816739464,
        26.664291436372512,
        27.39018576380546,
        33.442641428569104,
        33.205086111081954,
        31.076528306972435,
        32.45499023531608,
        28.615268672708158,
        33.5906015190675,
        30.505088211875858,
        30.661566878177595,
        33.70760557126998,
        31.13842764307835,
        28.63895433762398,
        34.350684158973095,
        32.93483955842129,
        35.05155480456649,
        34.91898825235575,
        33.67045961675671,
        35.15378531364852,
        35.475274299166,
        34.36535869894468,
        33.87985748581002,
        34.85397052560271,
        34.759900320261764,
        35.80865474717033,
        34.59558130103707,
        36.151596573379926,
        35.511342680870726
    ],
    "train_ssims": [
        0.9413724312782288,
        0.9736871228218079,
        0.9819104652404785,
        0.9853898496627808,
        0.9876467666625977,
        0.9884075493812561,
        0.9899229445457458,
        0.9907765297889709,
        0.9914288473129272,
        0.9909423327445984,
        0.9915196714401245,
        0.992299596786499,
        0.9921450109481812,
        0.993523401260376,
        0.9931942267417908,
        0.9931642956733704,
        0.9931166696548462,
        0.9942786326408386,
        0.993571478843689,
        0.9935400495529175,
        0.9942780938148499,
        0.9943063244819641,
        0.9943734292984009,
        0.994716236114502,
        0.9947223362922668,
        0.994920205116272,
        0.9948092794418335,
        0.9951159510612487,
        0.9951153798103333,
        0.9958886437416077,
        0.9958118505477905,
        0.9947257761955262,
        0.9959131245613098,
        0.9960509595870972,
        0.9962300400733948,
        0.9964881391525269,
        0.9965358529090881,
        0.9969056477546692,
        0.9970654668807983,
        0.9972089209556579,
        0.9972326912879944,
        0.997496817111969,
        0.9973575520515442,
        0.997536678314209,
        0.9977057619094849,
        0.9977825298309326,
        0.9977174005508422,
        0.9979032835960389,
        0.9979326252937317,
        0.9980233044624328
    ],