dataset,model,test_loss,test_psnr,test_ssim,computation_time,total_params,batch_size
mnist,comp,0.006503007460717753,32.1486204292217,0.9967548220780245,00:38:45,1864257,64
cifar10,comp,0.024822643584316705,30.25356851713601,0.9924546434621143,00:38:15,1865539,64
cifar100,comp,0.025177866635713607,30.321084261783003,0.9934711524635363,00:36:38,1865539,64
stl10,comp,0.033559788160026076,29.527845047761847,0.9917923693656922,00:25:00,1865539,32
