{
    "train_losses": [
        0.24688676029315684,
        0.01783985964385647,
        0.012101799845110084,
        0.019534148973667165,
        0.015933618299635327,
        0.013322074239371356,
        0.018757290665413658,
        0.004668092168906668,
        0.010226320189102826,
        0.01293856148063493,
        0.004421062150673896,
        0.008473792018553796,
        0.0042555585404705585,
        0.007999984621247772,
        0.00582321437581525,
        0.0009726139582930189,
        0.030312351085916796,
        0.0009453737610892551,
        0.0011775363012111414,
        0.006440652274935753,
        0.006559143255053473,
        0.003576195413802756,
        0.0204630744820316,
        0.0027088815264502816,
        0.0036926428385539475,
        0.01629315135236771
    ],
    "val_losses": [
        0.005595210899531245,
        0.015846523079077048,
        0.01596018503320897,
        0.0005865493077620653,
        3.540275505183309e-05,
        3.321499742549394e-05,
        0.09416907669521771,
        0.00027035245099793964,
        6.397402737705662e-06,
        1.2121120923480728e-05,
        7.035975744287177e-08,
        1.2241416113349756e-06,
        3.640233466387856e-07,
        0.0110396609782815,
        0.00012924624387845773,
        1.2087364253718073e-09,
        3.793704104836654e-06,
        0.00030276245534807385,
        1.490987849850356e-08,
        3.875245859154068e-06,
        1.8415398902142755e-05,
        1.3846324916662707e-06,
        0.001791768443572318,
        4.2109878861819596e-05,
        3.264737826983184e-07,
        9.45109813599086e-05
    ],
    "train_accuracies": [
        90.44166666666666,
        99.55833333333334,
        99.69583333333334,
        99.55,
        99.65416666666667,
        99.74166666666666,
        99.73333333333333,
        99.91875,
        99.83541666666666,
        99.78958333333334,
        99.94791666666667,
        99.86875,
        99.93333333333334,
        99.91041666666666,
        99.91041666666666,
        99.97291666666666,
        99.68125,
        99.98541666666667,
        99.97291666666666,
        99.90625,
        99.90625,
        99.9375,
        99.85208333333334,
        99.96875,
        99.95833333333333,
        99.86666666666666
    ],
    "val_accuracies": [
        99.76666666666667,
        99.45833333333333,
        99.55833333333334,
        99.975,
        100.0,
        100.0,
        98.575,
        100.0,
        100.0,
        100.0,
        100.0,
        100.0,
        100.0,
        99.68333333333334,
        99.99166666666666,
        100.0,
        100.0,
        99.99166666666666,
        100.0,
        100.0,
        100.0,
        100.0,
        99.96666666666667,
        100.0,
        100.0,
        99.99166666666666
    ],
    "test_loss": 5.759538492488831e-08,
    "test_accuracy": 100.0,
    "per_class_accuracy": {
        "gaussian": 100.0,
        "salt_pepper": 100.0,
        "uniform": 100.0,
        "poisson": 100.0,
        "jpeg": 100.0,
        "impulse": 100.0
    },
    "confusion_matrix": [
        [
            1608,
            0,
            0,
            0,
            0,
            0
        ],
        [
            0,
            1652,
            0,
            0,
            0,
            0
        ],
        [
            0,
            0,
            1689,
            0,
            0,
            0
        ],
        [
            0,
            0,
            0,
            1713,
            0,
            0
        ],
        [
            0,
            0,
            0,
            0,
            1661,
            0
        ],
        [
            0,
            0,
            0,
            0,
            0,
            1677
        ]
    ],
    "computation_time": 1090.9232859611511,
    "epochs_trained": 26,
    "model_path": "./Models\\Saved\\classifier_mnist.pth"
}