{
    "dataset": "mnist",
    "routing_accuracy": 100.0,
    "avg_psnr": 33.493078558343505,
    "avg_ssim": 0.9954878390967846,
    "per_noise_metrics": {
        "gaussian": {
            "loss": 0.008914361254202169,
            "psnr": 31.614541657104894,
            "ssim": 0.9946769151307638,
            "count": 1669
        },
        "salt_pepper": {
            "loss": 0.002845701295607061,
            "psnr": 37.116209726432054,
            "ssim": 0.9970370614776098,
            "count": 1638
        },
        "uniform": {
            "loss": 0.005102806505010695,
            "psnr": 35.764858956539136,
            "ssim": 0.9971325053715118,
            "count": 1661
        },
        "poisson": {
            "loss": 0.009596780848268833,
            "psnr": 30.675113564369507,
            "ssim": 0.9935968926004711,
            "count": 1703
        },
        "jpeg": {
            "loss": 0.0070147821333611735,
            "psnr": 32.887952695868506,
            "ssim": 0.9956257258718079,
            "count": 1628
        },
        "impulse": {
            "loss": 0.0046831589958210695,
            "psnr": 33.02941088184874,
            "ssim": 0.9949468734122808,
            "count": 1701
        }
    },
    "total_images": 10000
}