{
    "train_losses": [
        0.03400703163594007,
        0.011166913297772408,
        0.008025914227962495,
        0.0066825090609490875,
        0.005993743128329516,
        0.005419390953332185,
        0.005083926993235946,
        0.004668191262707114,
        0.004466514149308204,
        0.0043617571353912355,
        0.004121803950890898,
        0.003905420406535268,
        0.003801771352440119,
        0.0036098417807370426,
        0.0036706921018660067,
        0.003479689859971404,
        0.0034013820815831423,
        0.0032796477369964124,
        0.0032332234259694814,
        0.003145106768235564,
        0.003158155021071434,
        0.003062622054293752,
        0.0030729084100574256,
        0.0029922912195324896,
        0.0030675604321062566,
        0.0029242911014705896,
        0.0029367676071822644,
        0.002847267670556903,
        0.002786416360363364,
        0.0027777922309935093,
        0.002782405189424753,
        0.0027032581817358734,
        0.00277184545584023,
        0.0027492752484977244,
        0.0029053533267229797,
        0.0027671487305313347,
        0.0025934586368501185,
        0.0026489890966564416,
        0.002594740488566458,
        0.0025673206113278864,
        0.002551942430995405,
        0.002518472578562796,
        0.002492484908923507,
        0.0025605026924982667
    ],
    "val_losses": [
        0.013864379666840575,
        0.009031132527977038,
        0.011372301312293977,
        0.006330495439232534,
        0.005661760910657371,
        0.0074374086881993685,
        0.0045798271864795,
        0.004408898979876261,
        0.004167268620685312,
        0.004380564549403965,
        0.0036428763626060287,
        0.003829441476720059,
        0.003442352342532034,
        0.004285008569431912,
        0.0037302494829129073,
        0.0031014922961806225,
        0.00293253033843105,
        0.004177602372802557,
        0.0038705157282151233,
        0.003252353781691877,
        0.0029518544676885674,
        0.0029570416274486452,
        0.0028247369755842505,
        0.003026845664746917,
        0.0034139524910978642,
        0.0030338506267708577,
        0.0025742463352289168,
        0.0025949541992466353,
        0.0024697139271932424,
        0.0028824237246469707,
        0.002909580435437761,
        0.002335335271860099,
        0.003132373499417096,
        0.002256447665102685,
        0.004084510865152642,
        0.003655754133560665,
        0.0028849298840353064,
        0.0030798086152073875,
        0.002435843825079263,
        0.002272665622246683,
        0.003517130717552107,
        0.002916017243235259,
        0.002531834806843548,
        0.002711119455030295
    ],
    "train_psnrs": [
        28.915980203128075,
        34.42043558029712,
        36.31697797247792,
        37.36396287736269,
        37.96786054002047,
        38.54696478330333,
        38.9060291752202,
        39.364911680523015,
        39.60762351881102,
        39.77242127024061,
        40.02446537773772,
        40.35221396684108,
        40.49854328933103,
        40.76166940394696,
        40.70935444054789,
        40.965478978530086,
        41.10098897297668,
        41.2516579044095,
        41.349690209281164,
        41.447245143309075,
        41.464767815069415,
        41.60774166466826,
        41.59918523191588,
        41.73552666626235,
        41.63304042819341,
        41.859763968243215,
        41.804533252322585,
        41.96358064455095,
        42.096294525054624,
        42.10733665738481,
        42.10105546010262,
        42.223179954058686,
        42.101866319493865,
        42.187961840752635,
        41.911068453919405,
        42.06268492063103,
        42.42664446686558,
        42.3757516406622,
        42.420038986934635,
        42.49605935609358,
        42.50919635949935,
        42.565451786830764,
        42.614918272621686,
        42.51948230907238
    ],
    "val_psnrs": [
        33.25848854515404,
        35.78515499125788,
        32.33838115806534,
        37.617208186691094,
        38.359699882354356,
        37.232907605845405,
        39.45302268256804,
        39.69868992740707,
        39.60173907777966,
        39.96656763579209,
        40.7167889249946,
        40.29118679920067,
        40.880528484979074,
        39.94025434960173,
        40.729242735453276,
        41.4779340858749,
        41.613565038898216,
        39.33697510894371,
        40.747503662015944,
        41.17728147561271,
        41.680596923575415,
        41.59924399677962,
        41.85671217815395,
        41.69275213696151,
        40.8729203762846,
        41.647474899607104,
        42.19352556930739,
        42.14585066682029,
        42.387569744653824,
        41.95300057465385,
        41.97911789074789,
        42.7716669125383,
        41.468348121701624,
        42.849715600933216,
        40.468713803427,
        40.8916093958425,
        42.10908038358775,
        41.88249188009734,
        42.713504025633924,
        42.914360958071484,
        41.235252356826805,
        41.95999152938712,
        42.687559410004695,
        42.237708515277944
    ],
    "train_ssims": [
        0.9846534319400787,
        0.9971985686302185,
        0.998199002456665,
        0.9985840578079224,
        0.9987710881233215,
        0.9989227290153504,
        0.9990071731567383,
        0.9990991621017457,
        0.9991473831176758,
        0.9991758839607239,
        0.99921964635849,
        0.9992730535507203,
        0.9992983057022095,
        0.9993361811637879,
        0.9993245831489563,
        0.9993647932052613,
        0.9993826758384705,
        0.9994016307830811,
        0.9994158840179443,
        0.9994263236045837,
        0.9994286114692688,
        0.9994468963623047,
        0.9994461676597596,
        0.9994620047569275,
        0.9994479119300842,
        0.9994762533187866,
        0.9994681684494019,
        0.9994872130393982,
        0.9995044206619262,
        0.9995037163734436,
        0.9995024655342102,
        0.9995172679901123,
        0.9995021553993225,
        0.9995110842704773,
        0.9994721869468689,
        0.9994973172187805,
        0.9995378348350525,
        0.9995319390296936,
        0.9995353217124939,
        0.99954606590271,
        0.9995457551002502,
        0.9995523849487304,
        0.9995567072868348,
        0.9995462552070618
    ],
    "val_ssims": [
        0.9963031532658133,
        0.997974108358857,
        0.9960430564394422,
        0.9986602785481009,
        0.9988734991687118,
        0.9986248992051289,
        0.9991126489487423,
        0.9991819254911629,
        0.9991285706021983,
        0.9992356801488597,
        0.9993211087907196,
        0.9992538466575039,
        0.9993447706957531,
        0.9991959208136152,
        0.9993311394551757,
        0.9994411593789507,
        0.9994460811280901,
        0.9990652093462123,
        0.9993856553059475,
        0.9993983826060204,
        0.9994520753811879,
        0.9994433746216403,
        0.9994736013898424,
        0.9994593289247744,
        0.999343342462163,
        0.9994523422733234,
        0.9995177881732867,
        0.9995146613971443,
        0.9995330355729267,
        0.9994862907251735,
        0.9995080726161883,
        0.9995729118395763,
        0.999425133702102,
        0.9995799930232345,
        0.9993211061331877,
        0.999346338259946,
        0.9995053334600607,
        0.9994868541219432,
        0.9995712766981428,
        0.999589087856803,
        0.9994102765800087,
        0.9994889364880362,
        0.9995657733291577,
        0.9995217482755139
    ],
    "test_loss": 0.002239066782662538,
    "test_psnr": 42.91111259961193,
    "test_ssim": 0.9995864432328826,
    "computation_time": 4356.795808553696,
    "epochs_trained": 44
}