{
    "train_losses": [
        0.05390196706652641,
        0.022768667164444922,
        0.017456992089748383,
        0.014792638713121415,
        0.012824186939001083,
        0.010895764642953873,
        0.0095423833116889,
        0.008389374393969775,
        0.007693958429992199,
        0.007081081677973271,
        0.0065258229702711106,
        0.006117854138463736,
        0.005765819574147463,
        0.00540173084884882,
        0.005139071787893772,
        0.004941073831543326,
        0.004628440342098475,
        0.004505250182002783,
        0.004276887178048492,
        0.004164454809576273,
        0.003985938443616032,
        0.003913806442916393,
        0.003741565291956067,
        0.003717103713005781,
        0.0035495325174182656,
        0.0034498261664062738,
        0.003514409123361111,
        0.0034462637573480608,
        0.0032676361724734305,
        0.003222550480440259,
        0.0031694745399057866,
        0.0030761123761534693,
        0.003055552103370428,
        0.0030530660510063173,
        0.0029345289055258037,
        0.00297534062191844,
        0.0028770929049700498,
        0.002775387828424573,
        0.002883024240657687,
        0.0028390576772391795,
        0.0027724612556397914,
        0.002689375529438257,
        0.0027438431702554228,
        0.002703479563817382,
        0.0026544345870614054,
        0.002604029493778944,
        0.0026554607044905424,
        0.002586887523904443,
        0.002569993644580245,
        0.002549071010388434
    ],
    "val_losses": [
        0.028488100156377837,
        0.017862836717610145,
        0.015667550176809167,
        0.0125584270461065,
        0.010910828900375183,
        0.010053775397835264,
        0.00838296511358801,
        0.007851895357179603,
        0.008588982867610872,
        0.006326199799870989,
        0.007207569900520478,
        0.005899230528409314,
        0.005288155627834379,
        0.006772166503605189,
        0.0048474792219034045,
        0.005130371841109672,
        0.0044513517563605,
        0.00548344463181154,
        0.003971646768248575,
        0.00475380029588653,
        0.0038608578211705015,
        0.0036871901173500497,
        0.003813138154519212,
        0.003891708922519046,
        0.00319225515037253,
        0.004101846723040198,
        0.0036755573467179468,
        0.003131465955228088,
        0.00305784057683436,
        0.003501671845401833,
        0.0030269235236107545,
        0.0030168717160559953,
        0.0031566249004974485,
        0.003372886486553178,
        0.003010738480859881,
        0.0029219345406148655,
        0.002831618190345586,
        0.0028892846994552834,
        0.002954477217392462,
        0.003182637850771759,
        0.002779976620522749,
        0.0031968626092858375,
        0.0028074667996661677,
        0.00274647126318353,
        0.0026141165571797425,
        0.0027304214401657036,
        0.002753159875097643,
        0.0027946665583498728,
        0.002382331051727294,
        0.003093391922332204
    ],
    "train_psnrs": [
        25.271240379419137,
        29.951645049409244,
        31.526811888431908,
        32.55541402864748,
        33.42155297651953,
        34.38863231335949,
        35.097499616600395,
        35.77890481395692,
        36.26437384659376,
        36.68645770349382,
        37.12590017527929,
        37.467709186394664,
        37.78496259416092,
        38.11655152413697,
        38.37213557082077,
        38.602769555719036,
        38.937536613924095,
        39.107956351591085,
        39.385921808951025,
        39.563186593213146,
        39.81863755571533,
        39.956192038060564,
        40.18905466312452,
        40.27453131880917,
        40.509859060640245,
        40.66884550667626,
        40.64193375868823,
        40.734173201795,
        40.96649950057447,
        41.073143513502096,
        41.157693834963254,
        41.296901716193894,
        41.34603757113704,
        41.37840906265058,
        41.54266739880881,
        41.503767261723496,
        41.65858760238486,
        41.80116543977516,
        41.689394201953256,
        41.733886397898736,
        41.86348051270602,
        41.984871422496994,
        41.928166922424,
        41.9879595336407,
        42.05744419099612,
        42.1465065633333,
        42.07844633846873,
        42.19976841389927,
        42.23789116732789,
        42.2631460975862
    ],
    "val_psnrs": [
        28.510899416601077,
        31.396645499489935,
        32.208282321693524,
        33.42119564707183,
        34.17486507350177,
        34.63187317901188,
        35.74267101804709,
        36.20501583428164,
        35.756173637143114,
        37.13321682447493,
        36.601899851911526,
        37.70975094657576,
        38.146914110419104,
        37.1488501104734,
        38.62012660316202,
        38.478117336450595,
        39.114101614403495,
        38.081690207926655,
        39.59653660324864,
        38.94665550248035,
        39.78108746348537,
        40.25758249253556,
        40.204174727121654,
        40.02022908338817,
        40.99239716909793,
        39.78451086444025,
        40.41011933597442,
        41.00324995324642,
        41.14663401209023,
        40.779192879293795,
        41.30224995293039,
        41.20469369322703,
        41.20922041229578,
        40.89124588954032,
        41.28846625590119,
        41.27724065900671,
        41.75716583399455,
        41.66802128401407,
        41.521312278515325,
        41.436457540044714,
        41.75655943764303,
        41.367923213347524,
        41.73599170876395,
        42.11518125162043,
        42.10508916357294,
        42.0808108450446,
        42.130617691361785,
        41.92073112504102,
        42.44097454806902,
        41.54688757678097
    ],
    "train_ssims": [
        0.9760222392559051,
        0.9932152671813965,
        0.99524608669281,
        0.9962072748184204,
        0.9968858182907104,
        0.9974798898696899,
        0.9978514801025391,
        0.9981608391761779,
        0.998350455570221,
        0.9985007440567016,
        0.998643235206604,
        0.9987450779914856,
        0.9988316711425781,
        0.9989147135734558,
        0.9989761803627014,
        0.9990296223640441,
        0.9991007375717164,
        0.9991350571632385,
        0.9991869562149048,
        0.9992188842773437,
        0.9992647510528564,
        0.9992860382080078,
        0.9993233467102051,
        0.9993365525245667,
        0.9993699756622314,
        0.9993916400909424,
        0.9993868107795716,
        0.9994007944107056,
        0.9994317041397095,
        0.9994457626342773,
        0.9994556753158569,
        0.9994727834701538,
        0.9994776993751526,
        0.9994822031021118,
        0.9995005489349366,
        0.9994956806182861,
        0.9995137208938598,
        0.9995288196563721,
        0.9995164003372192,
        0.9995212990760803,
        0.9995356761932374,
        0.9995485353469848,
        0.9995416872024536,
        0.9995474425315857,
        0.999554559135437,
        0.9995644264221192,
        0.9995565222740174,
        0.9995695123672486,
        0.999572815322876,
        0.9995749689102172
    ],