{
    "dataset": "cifar100",
    "routing_accuracy": 99.84,
    "avg_psnr": 33.75320530404417,
    "avg_ssim": 0.9880511774897576,
    "per_noise_metrics": {
        "gaussian": {
            "loss": 0.03726746268093404,
            "psnr": 29.06166711135337,
            "ssim": 0.9827256799834531,
            "count": 1640
        },
        "salt_pepper": {
            "loss": 0.0043383405097209065,
            "psnr": 41.45335846905679,
            "ssim": 0.9987561628005247,
            "count": 1715
        },
        "uniform": {
            "loss": 0.020557716306682457,
            "psnr": 33.00225340045864,
            "ssim": 0.9926417692969827,
            "count": 1700
        },
        "poisson": {
            "loss": 0.04515954427566234,
            "psnr": 27.29880627516194,
            "ssim": 0.975592782287699,
            "count": 1694
        },
        "jpeg": {
            "loss": 0.040103628968407634,
            "psnr": 28.41898791512697,
            "ssim": 0.9789077414356115,
            "count": 1572
        },
        "impulse": {
            "loss": 0.003164879625128996,
            "psnr": 42.737195705722336,
            "ssim": 0.9988008874239419,
            "count": 1679
        }
    },
    "total_images": 10000
}