{
    "train_losses": [
        0.18030485546588898,
        0.13812875125408172,
        0.1334505171060562,
        0.13169111751317977,
        0.1306129205584526,
        0.12934603397846223,
        0.12833246886730193,
        0.12781679211854935,
        0.12720903406143189,
        0.12684985798597337,
        0.12639245351552963,
        0.12631647380590438,
        0.1259375987291336,
        0.12577973840236664,
        0.12557182015180587,
        0.12532154611349106,
        0.12531148161888123,
        0.1250510956287384,
        0.12496177486181259,
        0.12475332527160644,
        0.12470179324150085,
        0.12463197429180145,
        0.12447750339508057,
        0.12431388858556748,
        0.12428344495296478,
        0.12411529459953308,
        0.12400199083089829,
        0.12395712026357651,
        0.12390879365205765,
        0.12383052040338516,
        0.1237912141919136,
        0.12370790383815765,
        0.1235746710062027,
        0.1236460245013237,
        0.12351129435300827,
        0.12341119344234466,
        0.12336603412628173,
        0.1233393057346344,
        0.12325227205753327,
        0.12321870667934418,
        0.12324805355072022,
        0.12310276935100556,
        0.12316215968132019,
        0.1230663818359375,
        0.12298063552379608,
        0.12299774935245514,
        0.12289148446321488,
        0.12288922419548035,
        0.12288468755483627,
        0.12284072422981263
    ],
    "val_losses": [
        0.14032897220295706,
        0.13404190701663873,
        0.1316019032791162,
        0.13008571938154803,
        0.1312582664144267,
        0.1283870376409239,
        0.12720977405833592,
        0.12739830402431973,
        0.12682344764471054,
        0.12620387245325526,
        0.12569766425213236,
        0.1255533212594166,
        0.1251128477275751,
        0.12546048469983848,
        0.12481095157800966,
        0.1249642650223082,
        0.12470301231191416,
        0.1262162092859578,
        0.12447603597382831,
        0.12473499964756571,
        0.12423156064217257,
        0.12532351289395313,
        0.12477663909174075,
        0.12367603771246163,
        0.12364658224544707,
        0.12432721437542302,
        0.12379841478007614,
        0.12377822698111747,
        0.12394390274195155,
        0.12322907491474394,
        0.12381587675802268,
        0.12373007824466487,
        0.12357787398775671,
        0.12306156863642347,
        0.12327064654439877,
        0.12296383994020474,
        0.12308455519615465,
        0.12317533724626918,
        0.12293792093635365,
        0.12300237647856876,
        0.12302525393712292,
        0.12325572469242059,
        0.12338734593740694,
        0.12298293231399196,
        0.1232335617303089,
        0.12289742579695526,
        0.12279601784268762,
        0.12307632728746742,
        0.12269646565245974,
        0.12264456376907931
    ],
    "train_psnrs": [
        12.839808167525515,
        14.080300650337772,
        14.233510687444754,
        14.277731429934775,
        14.305534585201874,
        14.337258205531796,
        14.358288587881479,
        14.36962178029507,
        14.38316830648292,
        14.388237151314057,
        14.396860956265824,
        14.396161024096006,
        14.403429159076017,
        14.404673445984468,
        14.409526197378634,
        14.411792104134479,
        14.411640935542284,
        14.415400650538746,
        14.417933380344211,
        14.419660579393549,
        14.421755401924157,
        14.420566240610631,
        14.423785268878712,
        14.427023326907205,
        14.426702726885216,
        14.429361451978993,
        14.431675450668179,
        14.431599461958339,
        14.431672725295995,
        14.43418269857112,
        14.433844125009852,
        14.435717613973384,
        14.437120339631761,
        14.434516574037497,
        14.436335364826776,
        14.439475979790924,
        14.438798268610263,
        14.440433641604468,
        14.441818003037374,
        14.442028238736912,
        14.439362305164922,
        14.442734366820224,
        14.440931519555342,
        14.443569884628566,
        14.445273416204213,
        14.444649193166379,
        14.445763543639181,
        14.445384685584019,
        14.4459162137638,
        14.446628402286247
    ],
    "val_psnrs": [
        14.04718432376391,
        14.271950236506576,
        14.321182561218976,
        14.362445476321279,
        14.320118374840309,
        14.40737321966487,
        14.42630804579702,
        14.410124803619734,
        14.422103357863872,
        14.435026307627679,
        14.457037047828221,
        14.45440661978008,
        14.457948190336065,
        14.44589095219408,
        14.466353460543235,
        14.455115177481629,
        14.462870136381486,
        14.413295019570015,
        14.468385865852046,
        14.457193668984575,
        14.473371961187016,
        14.433201152738672,
        14.451893046576556,
        14.476671846012056,
        14.481624765803163,
        14.466686321566057,
        14.479235689765483,
        14.47288284820051,
        14.479693524374687,
        14.488378556303742,
        14.474348668428277,
        14.478237688205791,
        14.47832469748689,
        14.490631836692835,
        14.481931202055481,
        14.49016111999125,
        14.485027491380174,
        14.47768753776878,
        14.489965902618513,
        14.488593819528552,
        14.482723214005459,
        14.483577227697346,
        14.481187157840274,
        14.480622453821194,
        14.48336200020091,
        14.490735543642021,
        14.489018151424913,
        14.475653092620895,
        14.49112781400542,
        14.492073136562624
    ],
    "train_ssims": [
        0.6465714310363401,
        0.7425395822525025,
        0.7532450368881226,
        0.7562897515296936,
        0.7582109119415283,
        0.7601932469367981,
        0.761615643787384,
        0.7623576726913452,
        0.7630047138214111,
        0.763580129623413,
        0.7640080323219299,
        0.7639854660987854,
        0.7643699649810791,
        0.7645548010826111,
        0.764859618473053,
        0.765100689792633,
        0.7650665623664856,
        0.7652549618721008,
        0.76536928024292,
        0.7656229344367981,
        0.7656271965026855,
        0.7656063174247741,
        0.7657909644126892,
        0.7659983782768249,
        0.7660626954078674,
        0.7662374717712402,
        0.7662634364128112,
        0.7662675443649292,
        0.7663784893035889,
        0.7664520414352417,
        0.7664703237533569,
        0.7665244689941406,
        0.7666671093940735,
        0.7665698969841004,
        0.7666942400932312,
        0.7667315361022949,
        0.7669230216979981,
        0.7669334578514099,
        0.7669322262763977,
        0.7669797437667847,
        0.766819006061554,
        0.7670615348815918,
        0.7668766100883484,
        0.7670416771888733,
        0.7671203048706055,
        0.7671065693855286,
        0.7671280818939209,
        0.767324765586853,
        0.7672035451889038,
        0.7672579253196716
    ],